Year,Month,Day,Hour,Minute,Seconds,Subject,Experiment,Trial,Distractor_num,Distractor_size,Setup_time(s),Inspection_time(s),Search_time(s),Input_time(s),Accuracy
2019,5,24,11,21,52.251,1,2,1,8,0.5,1.3596,1.1705,10.047,2.7371,1
2019,5,24,11,22,15.613,1,2,2,4,1.25,1.3023,1.197,9.7272,2.8992,1
2019,5,24,11,23,0.862,1,2,3,8,1.25,1.8617,2.7751,29.852,2.7791,1
2019,5,24,11,23,22.625,1,2,4,8,1.5,1.5572,2.0367,7.9147,2.6234,1
2019,5,24,11,23,52.991,1,2,5,6,1.75,1.7688,1.1115,17.219,2.3049,1
2019,5,24,11,24,22.667,1,2,6,8,0.75,2.209,1.1676,14.699,3.0943,1
2019,5,24,11,24,55.798,1,2,7,6,1.25,1.4379,1.1199,19.669,2.8648,1
2019,5,24,11,25,21.041,1,2,8,6,1.5,3.6743,1.5728,9.5801,2.4106,1
2019,5,24,11,25,45.612,1,2,9,4,0.75,1.3151,2.2323,9.5078,3.1911,1
2019,5,24,11,26,7.168,1,2,10,6,0.25,3.0477,1.1509,6.2207,3.3144,1
2019,5,24,11,26,29.168,1,2,11,8,0.25,1.3496,2.7369,7.1417,3.3574,1
2019,5,24,11,27,11.595,1,2,12,6,0.75,2.1114,1.391,25.664,2.7724,1
2019,5,24,11,27,31.851,1,2,13,6,0.5,1.2542,1.3454,4.9312,3.3939,1
2019,5,24,11,27,49.087,1,2,14,4,0.25,2.2037,1.2963,4.496,2.2527,1
2019,5,24,11,28,17.101,1,2,15,8,1.75,1.8431,1.8554,9.4952,4.0624,1
2019,5,24,11,28,45.588,1,2,16,4,1.5,1.4192,3.1329,13.269,2.5711,1
2019,5,24,11,29,8.597,1,2,17,4,1.75,1.1396,1.9012,8.1927,3.4837,1
2019,5,24,11,29,32.786,1,2,18,4,0.5,1.6861,1.3038,11.44,2.4647,1
2019,5,24,12,24,22.727,2,2,1,4,0.25,4.8219,2.5714,10.016,5.7139,1
2019,5,24,12,25,2.628,2,2,2,8,0.5,3.5863,1.2969,21.047,3.2088,1
2019,5,24,12,26,12.383,2,2,3,8,0.75,2.5516,2.4615,52.015,2.1932,1
2019,5,24,12,27,2.95,2,2,4,4,1.75,2.377,2.062,14.131,4.5629,1
2019,5,24,12,27,31.986,2,2,5,8,1.75,1.4977,1.5576,9.6168,4.9041,1
2019,5,24,12,27,59.255,2,2,6,6,0.5,2.2411,1.319,12.534,2.5188,1
2019,5,24,12,29,3.071,2,2,7,8,1.25,2.931,1.4346,47.51,1.9524,1
2019,5,24,12,30,11.318,2,2,8,4,1.25,2.0948,1.3987,49.24,2.7997,1
2019,5,24,12,30,43.639,2,2,9,4,0.5,3.0807,1.3486,11.459,2.8478,1
2019,5,24,12,31,25.893,2,2,10,6,0.75,1.3972,1.8179,25.4,2.3539,1
2019,5,24,12,31,50.517,2,2,11,8,0.25,2.3358,1.3029,8.6323,2.2024,1
2019,5,24,12,32,17.828,2,2,12,4,1.5,1.8929,1.4012,11.56,2.4102,1
2019,5,24,12,33,20.427,2,2,13,6,1.25,2.9739,1.2941,44.987,1.8193,1
2019,5,24,12,33,46.256,2,2,14,6,0.25,2.9887,1.327,9.7422,1.5715,1
2019,5,24,12,34,24.658,2,2,15,8,1.5,1.7655,1.1737,22.319,2.0599,1
2019,5,24,12,34,55.048,2,2,16,6,1.5,2.0959,2.4212,11.094,2.5954,1
2019,5,24,12,35,19.858,2,2,17,6,1.75,2.9582,1.9688,8.0303,2.7722,1
2019,5,24,12,36,4.953,2,2,18,4,0.75,1.8457,2.0668,29.717,2.8668,1
2019,5,29,12,26,9.75,3,2,1,6,0.75,1.6201,1.2744,4.106,3.0566,1
2019,5,29,12,26,44.969,3,2,2,4,0.5,1.9352,1.5255,17.334,3.281,1
2019,5,29,12,27,3.428,3,2,3,4,0.25,1.2665,1.357,6.5958,2.145,1
2019,5,29,12,27,21.95,3,2,4,4,1.75,1.4142,2.9456,4.5166,2.0024,1
2019,5,29,12,27,38.784,3,2,5,6,1.5,1.1651,1.2596,5.2054,1.855,1
2019,5,29,12,27,55.614,3,2,6,8,0.75,1.3945,1.4369,4.3516,2.6545,1
2019,5,29,12,28,13.811,3,2,7,8,1.5,1.6394,1.1211,4.0142,4.5954,1
2019,5,29,12,28,33.703,3,2,8,8,0.25,1.2458,2.3686,7.1182,2.3728,1
2019,5,29,12,28,51.12,3,2,9,6,1.25,1.8225,1.1434,4.4179,3.1622,1
2019,5,29,12,29,11.616,3,2,10,6,0.5,1.8211,1.9794,8.061,2.0414,1
2019,5,29,12,29,30.24,3,2,11,8,0.5,1.208,1.1572,6.8174,2.026,1
2019,5,29,12,29,46.625,3,2,12,4,0.75,1.3043,1.2485,3.9358,3.2869,1
2019,5,29,12,30,5.248,3,2,13,6,0.25,1.419,1.1101,6.4803,1.9263,1
2019,5,29,12,30,25.589,3,2,14,8,1.25,1.7323,1.1241,7.8292,1.9305,1
2019,5,29,12,31,14.538,3,2,15,8,1.75,1.4154,1.1212,37.08,2.5722,1
2019,5,29,12,31,35.205,3,2,16,4,1.25,1.2035,1.4785,6.5518,2.2987,1
2019,5,29,12,32,2.523,3,2,17,6,1.75,1.473,2.21,12.972,2.7545,1
2019,5,29,12,32,21.693,3,2,18,4,1.5,1.3573,2.1977,6.0811,3.0236,1
2019,5,29,13,19,3.418,5,2,1,6,1.75,1.236,3.1439,3.848,2.9698,1
2019,5,29,13,19,23.058,5,2,2,8,0.25,2.205,1.266,5.2039,2.5041,1
2019,5,29,13,19,42.121,5,2,3,6,0.5,1.302,1.9558,6.6053,2.3489,1
2019,5,29,13,20,17.365,5,2,4,4,0.75,1.3893,1.7626,8.6273,3.5375,0
2019,5,29,13,20,46.071,5,2,5,4,1.25,1.5228,1.7268,12.091,2.6484,1
2019,5,29,13,21,6.174,5,2,6,8,0.5,1.7802,1.5492,6.4474,3.0949,1
2019,5,29,13,21,27.191,5,2,7,6,0.75,1.7684,1.4971,7.9095,2.2606,1
2019,5,29,13,21,46.5,5,2,8,4,0.25,1.9212,1.2129,5.6003,2.7474,1
2019,5,29,13,22,18.498,5,2,9,6,1.25,3.1638,2.0554,16.921,2.9534,0
2019,5,29,13,22,51.375,5,2,10,4,0.5,2.5585,1.9264,6.9571,13.999,1
2019,5,29,13,23,12.697,5,2,11,8,1.75,1.3249,1.2337,13.19,4.3632,1
2019,5,29,13,23,32.246,5,2,12,6,0.25,1.8479,1.7385,5.2603,2.2719,1
2019,5,29,13,24,3.382,5,2,13,8,1.5,1.164,2.4013,15.392,3.9575,1
2019,5,29,13,24,22.62,5,2,14,8,0.75,1.1449,1.8432,6.3819,2.6113,1
2019,5,29,13,24,47.6,5,2,15,8,1.25,1.6804,1.1864,11.228,3.1694,1
2019,5,29,13,25,12.732,5,2,16,6,1.5,1.3468,2.1312,10.524,3.481,1
2019,5,29,13,25,32.112,5,2,17,4,1.5,1.3218,1.853,5.8236,3.2201,1
2019,5,29,13,25,56.247,5,2,18,4,1.75,1.5473,1.3878,4.6539,8.9645,1
2019,5,29,14,17,33.152,6,2,1,8,1.75,1.2417,1.3149,57.397,3.9203,0
2019,5,29,14,18,0.04,6,2,2,8,0.25,1.4076,1.1759,7.7492,2.9854,1
2019,5,29,14,19,38.964,6,2,3,8,1.25,1.7196,30.611,48.372,2.6008,1
2019,5,29,14,20,14.247,6,2,4,8,0.5,1.1679,1.4363,16.43,2.514,1
2019,5,29,14,20,40.682,6,2,5,6,0.25,2.2058,1.236,6.4998,2.3339,1
2019,5,29,14,21,24.612,6,2,6,4,1.25,2.2436,2.3208,24.017,2.2396,1
2019,5,29,14,23,18.505,6,2,7,8,0.75,1.4768,2.4165,93.446,2.6032,1
2019,5,29,14,23,47.559,6,2,8,4,1.75,1.731,2.0936,9.2725,2.235,1
2019,5,29,14,24,27.017,6,2,9,6,1.25,1.1954,2.0759,20.553,2.442,1
2019,5,29,14,25,4.15,6,2,10,6,1.75,1.2574,1.898,18.23,2.1794,1
2019,5,29,14,25,37.838,6,2,11,6,1.5,1.3318,1.6461,15.497,2.3013,1
2019,5,29,14,26,5.093,6,2,12,4,0.75,1.2332,1.26,9.7656,2.6281,0
2019,5,29,14,26,52.64,6,2,13,4,0.5,2.2733,1.3808,29.877,2.2992,1
2019,5,29,14,27,49.359,6,2,14,4,1.5,1.2282,1.7833,40.424,2.1426,1
2019,5,29,14,28,15.82,6,2,15,4,0.25,1.2858,1.8133,7.191,2.4294,1
2019,5,29,14,28,48.821,6,2,16,8,1.5,1.5671,1.2659,12.897,2.35,1
2019,5,29,14,29,42.422,6,2,17,6,0.75,2.0755,9.7344,25.404,2.2187,1
2019,5,29,14,30,11.726,6,2,18,6,0.5,2.1236,1.7028,10.799,2.3479,1
2019,5,29,15,26,31.27,7,2,1,6,1.25,1.2677,1.1612,18.927,2.8326,1
2019,5,29,15,27,3.72,7,2,2,6,0.25,2.0276,1.7249,6.6173,3.5094,1
2019,5,29,15,27,39.188,7,2,3,4,0.5,1.3796,4.6634,12.217,2.3598,1
2019,5,29,15,28,3.304,7,2,4,4,0.25,1.2687,2.1093,6.1956,3.883,1
2019,5,29,15,28,55.915,7,2,5,8,0.75,2.1223,2.2145,25.347,3.3633,1
2019,5,29,15,29,24.49,7,2,6,6,0.5,1.3904,2.0714,11.713,3.1071,1
2019,5,29,15,29,51.07,7,2,7,4,0.75,1.7358,1.9143,9.7589,3.0515,0
2019,5,29,15,30,28.857,7,2,8,4,1.25,1.2323,1.8056,15.706,2.55,1
2019,5,29,15,30,58.016,7,2,9,4,1.5,1.9213,2.0302,11.232,3.615,1
2019,5,29,15,31,48.835,7,2,10,8,1.25,1.4336,1.7791,33.535,1.5539,1
2019,5,29,15,32,16.425,7,2,11,8,0.25,2.4065,1.3397,9.316,2.6626,1
2019,5,29,15,32,48.136,7,2,12,4,1.75,1.3801,1.7051,16.221,2.9324,1
2019,5,29,15,34,20.334,7,2,13,8,1.75,2.0955,2.007,75.706,3.0572,1
2019,5,29,15,35,3.854,7,2,14,8,0.5,2.3254,1.7923,24.895,3.2636,1
2019,5,29,15,35,26.848,7,2,15,6,1.75,1.2359,1.6381,7.5792,3.3053,1
2019,5,29,15,36,17.341,7,2,16,6,0.75,1.1803,1.5851,33.998,3.0003,1
2019,5,29,15,36,51.569,7,2,17,6,1.5,1.3682,1.7316,18.853,2.9661,1
2019,5,29,15,37,35.248,7,2,18,8,1.5,1.8065,2.933,21.066,2.8602,1
2019,5,29,16,25,57.494,8,2,1,6,1.5,8.7597,1.5995,12.333,1.8693,1
2019,5,29,16,26,22.931,8,2,2,4,0.25,1.7162,1.624,7.8804,2.4998,1
2019,5,29,16,26,41.122,8,2,3,6,1.25,1.315,1.5542,3.8604,2.1996,1
2019,5,29,16,27,7.929,8,2,4,6,0.5,1.4025,7.0295,2.5113,2.2503,1
2019,5,29,16,27,33.677,8,2,5,8,0.5,1.4356,1.5472,10.3,3.0437,1
2019,5,29,16,28,10.641,8,2,6,4,0.75,1.5002,1.2424,22.48,2.0851,1
2019,5,29,16,28,29.472,8,2,7,8,0.25,1.2462,1.3886,5.7243,1.9042,1
2019,5,29,16,29,16.544,8,2,8,8,1.25,1.7852,1.6258,31.66,2.8173,0
2019,5,29,16,29,52.219,8,2,9,8,1.5,1.4616,2.0895,20.882,1.9542,1
2019,5,29,16,30,12.754,8,2,10,4,0.5,1.3587,1.2684,5.0998,2.8412,1
2019,5,29,16,30,47.279,8,2,11,6,0.75,1.5629,1.7829,19.497,2.4138,0
2019,5,29,16,31,13.284,8,2,12,4,1.5,1.7407,1.8233,10.191,1.713,1
2019,5,29,16,31,36.462,8,2,13,6,1.75,2.3753,1.4796,9.9328,1.715,1
2019,5,29,16,32,3.84,8,2,14,4,1.25,1.4863,2.0523,12.887,1.9582,1
2019,5,29,16,32,29.94,8,2,15,8,1.75,1.3526,1.9587,8.6371,2.0872,1
2019,5,29,16,32,48.267,8,2,16,6,0.25,1.5056,1.6836,4.6229,2.0286,1
2019,5,29,16,33,9.461,8,2,17,4,1.75,1.1095,1.7223,6.7886,2.0021,1
2019,5,29,16,33,45.329,8,2,18,8,0.75,1.6263,1.6873,20.226,2.2783,1
2019,5,29,17,25,36.905,9,2,1,8,0.25,1.2867,15.686,5.4457,1.8102,1
2019,5,29,17,26,44.874,9,2,2,8,0.5,1.1091,1.6479,45.311,1.9179,1
2019,5,29,17,27,17.467,9,2,3,4,1.25,1.271,1.172,17.074,2.2988,1
2019,5,29,17,27,56.61,9,2,4,8,0.75,1.5936,1.9987,17.391,2.8072,0
2019,5,29,17,28,19.163,9,2,5,8,1.25,1.4433,1.8021,8.7893,1.6908,1
2019,5,29,17,29,2.435,9,2,6,6,1.5,1.9087,2.5152,21.748,2.0066,1
2019,5,29,17,29,19.454,9,2,7,6,1.25,1.4572,1.2572,4.2392,1.5937,1
2019,5,29,17,29,38.86,9,2,8,4,1.75,2.3199,1.6577,6.7576,1.829,1
2019,5,29,17,30,4.431,9,2,9,6,0.5,1.2548,1.5402,10.529,3.9091,1
2019,5,29,17,30,21.604,9,2,10,4,1.5,1.3313,1.7389,4.6105,1.4744,1
2019,5,29,17,30,56.843,9,2,11,4,0.75,1.724,1.7035,22.593,1.9292,1
2019,5,29,17,31,15.913,9,2,12,6,0.75,1.3639,1.3551,4.9056,1.7788,1
2019,5,29,17,31,32.907,9,2,13,8,1.75,1.3834,1.8952,4.6874,1.7297,1
2019,5,29,17,31,51.948,9,2,14,4,0.5,1.324,1.8665,6.7599,1.7187,1
2019,5,29,17,32,11.517,9,2,15,4,0.25,1.5543,1.2454,7.3814,1.1316,1
2019,5,29,17,32,29.412,9,2,16,6,1.75,1.3876,1.6129,3.9081,1.7359,1
2019,5,29,17,32,49.01,9,2,17,8,1.5,2.1914,1.4934,3.8021,2.9226,1
2019,5,29,17,33,22.304,9,2,18,6,0.25,8.8283,1.6787,1.2687,5.9212,1
2019,5,30,9,17,59.03,10,2,1,4,0.25,1.7316,1.1714,6.6842,2.8167,1
2019,5,30,9,18,29.639,10,2,2,8,1.25,1.2489,1.7648,9.5035,2.2689,0
2019,5,30,9,18,53.134,10,2,3,8,1.75,1.362,1.6074,5.6022,2.2682,1
2019,5,30,9,19,20.725,10,2,4,8,0.75,1.6079,1.5075,10.493,2.0361,1
2019,5,30,9,19,44.982,10,2,5,4,0.75,1.2303,1.3574,7.6452,2.4386,1
2019,5,30,9,20,12.227,10,2,6,6,0.75,1.3748,1.1501,12.818,1.8153,0
2019,5,30,9,20,31.91,10,2,7,6,0.25,1.3415,1.5836,3.6522,2.4865,1
2019,5,30,9,20,58.244,10,2,8,4,1.25,1.4544,1.3072,9.7173,1.9994,0
2019,5,30,9,21,22.261,10,2,9,6,1.75,1.5092,1.2512,6.801,2.0287,1
2019,5,30,9,21,46.79,10,2,10,4,1.5,1.2064,1.3313,7.1962,2.5532,1
2019,5,30,9,22,13.719,10,2,11,6,1.5,1.4643,1.6407,8.7378,2.4033,0
2019,5,30,9,22,38.432,10,2,12,8,0.5,1.5904,1.587,8.2718,1.8478,1
2019,5,30,9,23,2.991,10,2,13,8,0.25,1.5961,1.4913,7.3805,2.2851,1
2019,5,30,9,23,30.426,10,2,14,6,1.25,1.9418,1.5561,9.8722,1.9796,1
2019,5,30,9,23,51.927,10,2,15,4,0.5,1.2437,1.2812,4.7546,3.0847,1
2019,5,30,9,24,19.693,10,2,16,4,1.75,1.7331,1.7584,9.0092,2.7668,1
2019,5,30,9,24,40.489,10,2,17,6,0.5,1.3956,1.4477,5.8949,1.8484,1
2019,5,30,9,25,7.467,10,2,18,8,1.5,1.6266,1.4484,5.5014,2.4624,1
2019,5,30,11,21,49.739,11,2,1,8,1.75,1.4581,1.8431,4.5202,1.9504,1
2019,5,30,11,22,22.194,11,2,2,6,1.75,1.3442,1.4207,18.692,3.0391,1
2019,5,30,11,22,44.023,11,2,3,4,0.75,1.4644,1.1129,2.5938,9.2461,1
2019,5,30,11,23,12.977,11,2,4,8,1.25,1.6025,1.3615,15.427,2.8173,0
2019,5,30,11,23,32.951,11,2,5,4,1.75,1.2243,1.7792,7.1579,2.2535,1
2019,5,30,11,23,53.109,11,2,6,4,1.25,3.4345,1.4358,5.431,2.2736,1
2019,5,30,11,24,14.733,11,2,7,6,1.25,1.4415,2.62,6.6523,2.4412,1
2019,5,30,11,24,32.236,11,2,8,4,0.25,1.3086,1.2823,4.9773,2.3359,1
2019,5,30,11,24,49.936,11,2,9,4,0.5,1.5408,1.2389,4.6755,2.2752,1
2019,5,30,11,25,5.471,11,2,10,6,1.5,1.4577,1.4977,3.0046,2.1403,1
2019,5,30,11,25,46.387,11,2,11,8,1.5,1.5468,20.323,1.9972,2.7091,1
2019,5,30,11,26,4.218,11,2,12,4,1.5,1.1487,1.9455,4.6514,1.8098,1
2019,5,30,11,26,41.725,11,2,13,6,0.75,1.6112,1.2276,24.052,2.9319,1
2019,5,30,11,27,40.774,11,2,14,8,0.75,1.5462,1.7627,46.389,2.3201,1
2019,5,30,11,27,59.037,11,2,15,6,0.25,1.1635,1.7617,4.271,2.5911,1
2019,5,30,11,28,18.511,11,2,16,8,0.5,1.6903,2.7432,6.726,1.795,1
2019,5,30,11,28,34.302,11,2,17,8,0.25,1.6533,1.1747,4.5354,1.2699,1
2019,5,30,11,28,55.781,11,2,18,6,0.5,1.5793,1.3829,8.7445,2.0893,1
2019,5,30,13,19,13.814,12,2,1,6,0.75,1.857,1.5967,17.68,2.0264,1
2019,5,30,13,19,52.276,12,2,2,4,1.5,2.493,1.4724,25.713,1.6291,1
2019,5,30,13,20,18.311,12,2,3,6,1.5,1.5419,1.2397,13.782,2.0258,1
2019,5,30,13,21,0.757,12,2,4,6,1.25,1.6432,1.322,29.81,1.7122,1
2019,5,30,13,21,25.905,12,2,5,6,1.75,1.2222,2.4648,12.413,2.1473,1
2019,5,30,13,22,1.439,12,2,6,4,1.25,1.1947,1.8726,21.566,1.9485,1
2019,5,30,13,22,28.996,12,2,7,6,0.5,2.2456,1.1617,13.509,2.1699,1
2019,5,30,13,22,46.473,12,2,8,8,0.25,1.3939,2.051,5.4556,1.9519,1
2019,5,30,13,24,8.333,12,2,9,8,0.75,1.3857,2.0504,68.388,2.9349,1
2019,5,30,13,24,33.513,12,2,10,8,1.5,1.3442,2.0981,11.85,2.2649,1
2019,5,30,13,25,0.487,12,2,11,8,0.5,1.2753,3.0632,13.104,1.8667,1
2019,5,30,13,25,36.276,12,2,12,4,0.75,2.0126,2.0054,22.951,1.8945,1
2019,5,30,13,25,57.603,12,2,13,4,1.75,1.5569,1.8002,8.748,2.1383,1
2019,5,30,13,26,16.881,12,2,14,4,0.25,1.1785,2.4098,6.5828,2.1161,1
2019,5,30,13,26,37.911,12,2,15,6,0.25,1.6039,4.1106,5.9877,2.4427,1
2019,5,30,13,27,1.744,12,2,16,8,1.25,2.2225,1.1098,11.738,1.9127,1
2019,5,30,13,27,23.023,12,2,17,8,1.75,1.2101,1.2343,8.824,2.4184,1
2019,5,30,13,27,42.941,12,2,18,4,0.5,1.3613,1.4798,7.6624,1.9224,1
2019,5,30,14,26,1.823,13,2,1,4,0.5,11.217,29.994,4.3472,11.59,1
2019,5,30,14,26,48.784,13,2,2,6,1.25,1.2602,1.7551,16.695,2.81,1
2019,5,30,14,27,37.312,13,2,3,8,0.5,2.2641,1.3277,10.302,2.1196,1
2019,5,30,14,28,3.824,13,2,4,6,1.5,1.4389,1.4303,10.814,2.1066,1
2019,5,30,14,28,40.672,13,2,5,8,1.5,1.5188,2.5181,20.664,2.0568,1
2019,5,30,14,29,0.593,13,2,6,6,0.25,1.5112,2.1107,3.4643,2.1501,1
2019,5,30,14,29,32.775,13,2,7,8,0.75,1.124,1.1822,11.976,2.1405,1
2019,5,30,14,29,56.258,13,2,8,4,1.25,1.1722,2.6196,7.4779,1.846,1
2019,5,30,14,30,16.658,13,2,9,4,1.5,1.999,2.0113,3.9715,2.2501,1
2019,5,30,14,30,50.536,13,2,10,4,0.75,1.492,1.3568,16.313,2.0641,1
2019,5,30,14,31,23.615,13,2,11,6,0.75,1.8786,2.0727,17.055,1.9084,1
2019,5,30,14,31,46,13,2,12,8,0.25,1.1544,1.4983,5.9712,2.1765,1
2019,5,30,14,32,6.147,13,2,13,8,1.25,1.6193,1.6339,4.9586,1.7841,1
2019,5,30,14,32,39.51,13,2,14,6,1.75,1.4129,1.4509,19.056,1.4342,1
2019,5,30,14,33,4.323,13,2,15,8,1.75,1.6266,1.5406,7.9337,2.3565,1
2019,5,30,14,33,25.823,13,2,16,4,1.75,1.3434,1.2379,5.871,2.2534,1
2019,5,30,14,33,45.929,13,2,17,6,0.5,1.7124,1.6641,4.5553,1.874,1
2019,5,30,14,34,4.155,13,2,18,4,0.25,2.4077,1.3794,2.419,1.8484,1
2019,5,30,15,12,0.371,14,2,1,4,0.5,1.6929,1.1502,9.1365,1.8758,1
2019,5,30,15,12,19.608,14,2,2,4,0.25,1.8745,1.18,3.0032,2.3538,1
2019,5,30,15,12,48.851,14,2,3,8,0.25,1.71,2.9632,5.6509,2.2209,1
2019,5,30,15,13,51.374,14,2,4,8,1.75,2.2083,1.1933,46.143,2.1557,1
2019,5,30,15,14,12.319,14,2,5,6,0.5,1.6094,1.1459,5.5974,1.9193,1
2019,5,30,15,14,40.266,14,2,6,6,1.25,1.591,1.1743,12.53,2.1278,0
2019,5,30,15,15,35.253,14,2,7,4,1.25,1.2306,1.421,39.126,2.342,0
2019,5,30,15,16,4.974,14,2,8,4,1.5,2.1423,1.4109,13.64,1.9509,1
2019,5,30,15,17,12.732,14,2,9,8,1.25,1.7938,1.4172,51.548,2.2093,1
2019,5,30,15,17,36.001,14,2,10,8,0.75,1.2273,1.2041,8.4202,1.7992,1
2019,5,30,15,18,5.998,14,2,11,4,0.75,1.8284,1.1536,13.603,2.2432,1
2019,5,30,15,18,25.053,14,2,12,8,0.5,1.1292,1.4452,3.5659,2.8469,1
2019,5,30,15,18,46.744,14,2,13,4,1.75,1.4718,1.5369,4.571,2.3526,1
2019,5,30,15,19,12.648,14,2,14,6,0.75,2.2291,1.4527,1.8349,6.8738,1
2019,5,30,15,19,36.891,14,2,15,6,0.25,4.5235,1.9843,3.0941,2.9745,1
2019,5,30,15,20,4.726,14,2,16,6,1.75,4.855,1.5042,7.7823,2.4818,1
2019,5,30,15,20,27.177,14,2,17,6,1.5,1.8461,1.2708,5.1692,2.0225,1
2019,5,30,15,20,59.442,14,2,18,8,1.5,3.3536,1.8314,14.952,2.2224,1
2019,5,30,16,21,17.937,15,2,1,6,1.25,3.1834,1.3165,37.101,2.8058,1
2019,5,30,16,21,48.908,15,2,2,6,0.5,2.3812,1.5885,8.9212,2.1437,1
2019,5,30,16,22,16.287,15,2,3,6,0.25,1.5365,1.2373,6.4616,2.1262,1
2019,5,30,16,22,39.089,15,2,4,4,0.25,1.3456,1.2562,5.8289,3.1841,1
2019,5,30,16,23,20.872,15,2,5,8,0.75,2.1801,1.5313,24.78,2.0759,1
2019,5,30,16,23,48.265,15,2,6,8,0.5,1.6642,1.1691,10.981,2.7681,1
2019,5,30,16,24,21.536,15,2,7,8,1.75,1.7103,1.4619,17.189,2.096,1
2019,5,30,16,24,52.683,15,2,8,6,1.5,2.2341,1.4381,14.16,2.3829,1
2019,5,30,16,25,18.302,15,2,9,6,1.75,1.3586,1.9861,9.7462,1.8239,1
2019,5,30,16,25,52.051,15,2,10,4,0.75,1.274,1.945,18.074,2.0697,1
2019,5,30,16,26,37.765,15,2,11,8,1.25,1.9947,1.2296,29.192,2.3521,1
2019,5,30,16,27,25.432,15,2,12,6,0.75,1.5131,1.263,31.171,2.098,1
2019,5,30,16,27,57.815,15,2,13,8,1.5,11.818,4.8526,2.5896,2.0838,1
2019,5,30,16,29,5.172,15,2,14,4,0.5,1.1596,1.6283,13.534,1.8758,1
2019,5,30,16,29,36.942,15,2,15,4,1.25,1.7504,1.4928,15.624,1.8317,1
2019,5,30,16,30,0.232,15,2,16,8,0.25,7.5431,1.8177,1.664,2.0855,1
2019,5,30,16,30,44.848,15,2,17,4,1.5,2.3661,1.4845,18.967,2.1221,1
2019,5,30,16,31,18.153,15,2,18,4,1.75,1.5502,1.338,17.52,2.1362,1
2019,5,31,9,15,38.754,16,2,1,4,0.5,1.4264,1.7174,7.9644,3.3769,1
2019,5,31,9,16,4.555,16,2,2,6,1.75,1.526,1.1714,11.954,2.7051,1
2019,5,31,9,16,24.714,16,2,3,4,0.25,1.9922,1.688,5.5224,2.9102,1
2019,5,31,9,16,59.75,16,2,4,8,0.75,1.4045,1.1592,21.306,3.6698,1
2019,5,31,9,17,23.316,16,2,5,6,1.5,1.5464,1.7404,8.6303,3.1426,1
2019,5,31,9,17,49.891,16,2,6,4,1.75,1.7495,2.4895,13.069,2.4713,1
2019,5,31,9,18,15.073,16,2,7,6,0.5,1.6861,1.2701,10.716,4.1058,1
2019,5,31,9,18,46.701,16,2,8,4,1.25,1.3668,1.4579,18.651,3.2813,0
2019,5,31,9,19,14.762,16,2,9,8,1.5,1.5835,13.66,1.3655,3.8244,1
2019,5,31,9,19,51.627,16,2,10,8,1.25,1.5674,1.1748,22.054,3.0528,0
2019,5,31,9,20,13.158,16,2,11,6,1.25,1.3806,1.4224,8.7562,2.5435,1
2019,5,31,9,20,37.883,16,2,12,6,0.25,1.1076,1.4172,10.634,2.9079,1
2019,5,31,9,21,0.041,16,2,13,8,0.25,1.1437,1.319,8.5858,3.6602,1
2019,5,31,9,21,31.3,16,2,14,6,0.75,1.7489,1.2227,17.731,2.9115,1
2019,5,31,9,21,54.922,16,2,15,4,0.75,1.6974,1.9705,9.8901,2.5686,1
2019,5,31,9,22,19.232,16,2,16,8,1.75,1.1084,1.8042,11.99,2.3186,1
2019,5,31,9,22,45.171,16,2,17,4,1.5,1.7666,2.1659,11.983,2.5507,1
2019,5,31,9,23,16.115,16,2,18,8,0.5,1.7676,1.4849,17.025,3.0068,1
2019,5,31,10,31,20.767,17,2,1,8,0.75,2.7671,1.4335,70.564,2.6267,1
2019,5,31,10,31,58.453,17,2,2,4,1.75,2.6165,2.4182,16.51,3.1577,1
2019,5,31,10,32,25.253,17,2,3,4,1.5,1.1894,1.789,8.3563,2.856,1
2019,5,31,10,33,26.636,17,2,4,4,0.75,1.2979,1.5015,43.545,2.6715,1
2019,5,31,10,34,43.857,17,2,5,4,1.25,1.6904,2.1555,59.844,2.8107,1
2019,5,31,10,35,15.723,17,2,6,4,0.5,1.7104,1.4561,12.461,3.2063,1
2019,5,31,10,35,44.845,17,2,7,6,0.5,1.705,2.4249,11.053,2.3967,1
2019,5,31,10,36,42.328,17,2,8,6,1.5,1.4223,1.3619,25.884,2.4492,1
2019,5,31,10,37,29.639,17,2,9,8,1.5,1.8366,2.2172,26.224,2.9056,1
2019,5,31,10,37,59.414,17,2,10,4,0.25,1.4411,1.6344,11.668,2.4459,1
2019,5,31,10,39,28.683,17,2,11,6,1.25,1.2787,1.5914,71.05,2.4522,1
2019,5,31,10,40,16.621,17,2,12,6,1.75,1.2675,1.769,30.059,2.5659,1
2019,5,31,10,40,44.648,17,2,13,6,0.25,1.1379,1.3003,8.0495,2.7528,1
2019,5,31,10,42,23.441,17,2,14,8,1.25,1.3234,1.8133,79.939,2.3205,1
2019,5,31,10,42,52.165,17,2,15,8,0.25,1.322,1.4476,9.8972,2.2872,1
2019,5,31,10,43,56.652,17,2,16,6,0.75,1.3488,1.914,43.9,2.5114,1
2019,5,31,10,44,24.447,17,2,17,8,0.5,1.3021,1.4964,8.3133,2.2649,1
2019,5,31,10,44,57.113,17,2,18,8,1.75,1.1313,1.6127,14.212,2.4037,1
2019,5,31,11,35,46.564,18,2,1,4,1.5,2.009,2.3816,9.495,4.2219,1
2019,5,31,11,36,13.106,18,2,2,8,0.25,1.8035,1.1599,4.5009,6.7406,1
2019,5,31,11,36,53.494,18,2,3,8,1.25,1.7094,2.2593,23.925,2.5579,1
2019,5,31,11,37,14.198,18,2,4,4,1.75,2.0525,1.2833,4.1156,2.6748,1
2019,5,31,11,37,59.775,18,2,5,8,1.75,1.8011,1.3203,7.2867,24.787,1
2019,5,31,11,39,3.843,18,2,6,6,1.25,1.9688,2.2057,53.606,3.2108,1
2019,5,31,11,40,11.582,18,2,7,8,0.75,1.2436,1.983,49.73,3.2029,1
2019,5,31,11,40,41.25,18,2,8,6,0.5,1.6653,1.1128,8.8206,4.2762,1
2019,5,31,11,41,4.212,18,2,9,8,1.5,1.2842,2.1546,7.8282,2.4646,1
2019,5,31,11,41,28.848,18,2,10,6,1.5,1.1819,2.4517,6.0591,4.3392,1
2019,5,31,11,42,11.678,18,2,11,4,1.25,1.7928,2.1723,25.988,2.9389,1
2019,5,31,11,42,34.01,18,2,12,4,0.5,1.3741,1.9424,7.4063,2.1779,1
2019,5,31,11,42,59.668,18,2,13,8,0.5,1.1611,2.2151,8.2768,4.0377,1
2019,5,31,11,43,20.82,18,2,14,6,1.75,1.4137,1.6531,5.5272,2.6076,1
2019,5,31,11,43,42.79,18,2,15,4,0.25,1.9952,1.1061,5.4635,2.2485,1
2019,5,31,11,44,16.275,18,2,16,6,0.75,1.2021,1.6986,14.207,2.4913,1
2019,5,31,11,44,40.49,18,2,17,6,0.25,1.6554,2.1536,4.8628,3.19,1
2019,5,31,11,45,7.551,18,2,18,4,0.75,1.1587,2.0877,10.379,2.3634,1
2019,5,31,12,22,37.474,19,2,1,6,1.75,2.2818,1.5796,11.624,5.0301,1
2019,5,31,12,23,31.173,19,2,2,8,1.25,1.5376,1.6779,36.906,3.2761,1
2019,5,31,12,23,58.915,19,2,3,4,1.75,1.5474,1.8985,8.8267,2.5781,1
2019,5,31,12,24,25.904,19,2,4,6,0.25,1.9779,1.5285,6.2164,5.6541,1
2019,5,31,12,24,54.523,19,2,5,6,0.5,3.6798,3.2328,9.3515,2.2436,1
2019,5,31,12,25,41.641,19,2,6,6,0.75,2.3542,1.3892,30.282,2.6139,1
2019,5,31,12,26,13.901,19,2,7,4,1.25,2.4687,2.0234,14.173,2.4397,1
2019,5,31,12,26,39.782,19,2,8,4,0.75,2.0969,1.4768,9.3496,2.4203,1
2019,5,31,12,27,4.035,19,2,9,4,0.25,2.7634,1.3097,7.7149,2.0523,1
2019,5,31,12,27,30.693,19,2,10,6,1.5,1.3044,1.6656,9.2034,2.3134,1
2019,5,31,12,28,11.092,19,2,11,6,1.25,1.1996,1.3272,23.779,2.8476,1
2019,5,31,12,28,37.764,19,2,12,4,0.5,1.2781,1.8327,7.2377,6.0159,1
2019,5,31,12,29,4.555,19,2,13,8,0.5,2.3936,1.9544,10.626,2.8868,1
2019,5,31,12,29,44.164,19,2,14,8,0.75,1.861,1.7468,22.86,2.6322,1
2019,5,31,12,30,28.005,19,2,15,8,1.5,2.1205,1.5693,26.994,1.9563,1
2019,5,31,12,30,53.35,19,2,16,8,0.25,1.347,1.406,8.8581,2.589,1
2019,5,31,12,31,18.321,19,2,17,8,1.75,1.8933,1.3223,8.8817,2.1521,1
2019,5,31,12,31,44.599,19,2,18,4,1.5,1.386,1.3001,10.715,2.2415,1
2019,5,31,13,19,49.193,20,2,1,4,0.75,2.3409,2.281,27.859,3.2146,0
2019,5,31,13,20,26.722,20,2,2,8,1.75,2.4601,1.3268,22.552,3.5486,1
2019,5,31,13,20,53.985,20,2,3,6,0.5,1.9981,1.5142,12.417,3.0153,1
2019,5,31,13,21,39.098,20,2,4,4,1.25,1.4444,1.297,28.027,2.9485,1
2019,5,31,13,22,4.225,20,2,5,8,0.25,1.4238,1.354,10.222,3.1453,1
2019,5,31,13,22,28.472,20,2,6,4,1.75,1.2657,1.5633,9.2237,3.7364,1
2019,5,31,13,22,52.83,20,2,7,4,0.25,1.3361,1.6624,8.3457,3.0119,1
2019,5,31,13,23,43.942,20,2,8,8,0.5,1.2959,1.6437,36.542,3.4023,0
2019,5,31,13,24,14.684,20,2,9,4,0.5,1.5004,1.6801,16.192,3.1146,1
2019,5,31,13,24,54.812,20,2,10,8,0.75,1.147,1.9671,26.312,2.7841,1
2019,5,31,13,25,42.053,20,2,11,6,1.25,1.4437,1.1107,1.6321,32.424,1
2019,5,31,13,26,17.34,20,2,12,4,1.5,1.3809,1.5616,18.537,3.2186,1
2019,5,31,13,26,43.292,20,2,13,6,1.5,1.1359,1.1936,12.595,2.4551,1
2019,5,31,13,27,32.578,20,2,14,8,1.25,2.2242,2.9425,32.808,2.7021,0
2019,5,31,13,28,25.199,20,2,15,8,1.5,1.5265,2.1029,36.311,3.3202,0
2019,5,31,13,28,49.698,20,2,16,6,0.25,1.7069,2.5073,8.1871,2.9912,1
2019,5,31,13,29,28.274,20,2,17,6,0.75,1.4947,1.4156,24.275,3.609,1
2019,5,31,13,29,57.06,20,2,18,6,1.75,1.7397,1.7157,12.917,3.0771,1
2019,5,31,14,19,53.656,21,2,1,6,0.5,1.5131,2.7772,9.5648,3.1379,1
2019,5,31,14,20,37.692,21,2,2,4,1.75,1.1225,1.7002,2.3538,26.494,1
2019,5,31,14,21,10.904,21,2,3,8,1.75,1.68,1.385,14.405,3.1072,1
2019,5,31,14,21,44.042,21,2,4,4,1.25,2.6948,1.4658,1.1884,19.413,0
2019,5,31,14,22,17.459,21,2,5,6,1.5,2.8529,1.4363,14.317,2.9588,1
2019,5,31,14,22,44.971,21,2,6,8,0.5,1.3193,1.4474,11.438,4.0733,1
2019,5,31,14,23,11.438,21,2,7,4,0.25,2.1052,1.6829,10.676,2.73,1
2019,5,31,14,23,44.845,21,2,8,6,1.25,1.3177,1.3621,19.108,3.2414,1
2019,5,31,14,24,18.125,21,2,9,4,0.5,7.5235,5.0328,8.8832,3.2631,1
2019,5,31,14,24,53.687,21,2,10,4,1.5,1.6875,1.5874,15.956,2.7457,1
2019,5,31,14,25,23.227,21,2,11,8,1.5,2.2785,1.9603,12.12,4.4413,1
2019,5,31,14,25,55.828,21,2,12,6,1.75,1.5848,1.3223,15.542,3.7162,1
2019,5,31,14,26,22.428,21,2,13,8,1.25,1.5673,2.3313,11.44,2.3381,1
2019,5,31,14,26,44.199,21,2,14,6,0.25,1.5046,1.5878,5.1158,3.5551,1
2019,5,31,14,27,5.774,21,2,15,8,0.25,1.3523,1.6109,4.4758,3.301,1
2019,5,31,14,27,50.52,21,2,16,4,0.75,1.2658,3.2548,21.126,2.6703,1
2019,5,31,14,28,43.687,21,2,17,6,0.75,1.258,1.4564,39.238,2.7041,1
2019,5,31,14,29,14.634,21,2,18,8,0.75,1.6386,2.2178,14.482,2.9081,1
2019,5,31,15,19,10.316,22,2,1,6,1.25,1.2597,1.8831,22.379,17.103,1
2019,5,31,15,19,41.984,22,2,2,8,0.75,1.9204,2.8749,18.939,6.2807,1
2019,5,31,15,20,25.235,22,2,3,8,1.25,1.4872,1.2741,11.01,20.135,1
2019,5,31,15,21,2.79,22,2,4,4,1.75,1.2217,2.4348,8.4338,24.186,1
2019,5,31,15,21,45.512,22,2,5,6,1.75,1.516,1.6811,24.05,13.743,1
2019,5,31,15,22,19.582,22,2,6,6,0.75,1.8506,1.7277,26.89,2.2523,1
2019,5,31,15,23,10.994,22,2,7,8,1.75,1.7288,2.0493,9.9362,24.473,1
2019,5,31,15,23,47.148,22,2,8,4,0.5,1.6732,1.441,12.501,19.063,1
2019,5,31,15,24,15.961,22,2,9,8,1.5,1.1841,1.6736,17.548,6.6257,1
2019,5,31,15,25,7.37,22,2,10,6,0.5,2.3394,1.706,15.482,18.541,1
2019,5,31,15,25,35.777,22,2,11,4,0.25,1.6349,2.2829,4.6718,17.074,1
2019,5,31,15,26,1.322,22,2,12,8,0.25,1.6868,2.1495,5.5238,14.829,1
2019,5,31,15,26,22,22,2,13,6,0.25,1.9164,1.4604,6.622,8.7385,1
2019,5,31,15,27,2.59,22,2,14,4,1.25,3.1068,1.285,16.306,6.761,1
2019,5,31,15,27,53.166,22,2,15,4,0.75,1.2199,2.336,12.209,18.035,1
2019,5,31,15,28,36.82,22,2,16,8,0.5,1.426,2.0626,19.25,19.501,1
2019,5,31,15,29,8.999,22,2,17,6,1.5,2.1946,1.622,9.2061,17.396,1
2019,5,31,15,29,31.846,22,2,18,4,1.5,1.6714,1.2203,1.2647,17.412,1
2019,6,4,10,39,50.543,23,2,1,4,1.75,1.1528,2.1891,10.419,2.1566,1
2019,6,4,10,40,14.73,23,2,2,8,0.5,1.5537,1.4691,5.7105,3.2039,1
2019,6,4,10,40,38.438,23,2,3,8,1.25,1.4398,1.1548,8.446,1.6531,1
2019,6,4,10,41,1.661,23,2,4,8,0.25,1.573,1.4886,5.4722,1.6983,1
2019,6,4,10,41,22.362,23,2,5,4,0.5,1.4267,1.1701,5.7927,1.9735,1
2019,6,4,10,41,45.697,23,2,6,6,0.25,1.6114,1.298,4.0344,1.9003,1
2019,6,4,10,42,9.531,23,2,7,6,1.75,1.6658,1.1005,8.8359,2.5697,1
2019,6,4,10,42,37.135,23,2,8,6,0.5,1.9061,3.0079,9.7467,2.2814,1
2019,6,4,10,43,2.805,23,2,9,8,1.5,1.3945,1.6839,5.5294,1.9519,1
2019,6,4,10,43,25.926,23,2,10,8,1.75,1.3938,1.4503,9.3268,2.3567,1
2019,6,4,10,44,7.413,23,2,11,6,1.25,1.4522,1.2264,26.533,1.6712,0
2019,6,4,10,44,50.01,23,2,12,6,0.75,1.2117,1.6732,22.481,1.7771,1
2019,6,4,10,45,14.414,23,2,13,4,0.75,1.2633,1.4233,8.8619,2.0233,1
2019,6,4,10,45,34.026,23,2,14,4,0.25,1.6226,1.6476,3.6494,2.0859,1
2019,6,4,10,46,9.588,23,2,15,8,0.75,1.3357,1.1514,14.745,1.7317,1
2019,6,4,10,46,33.091,23,2,16,6,1.5,1.9003,1.3549,7.4417,2.178,1
2019,6,4,10,46,58.114,23,2,17,4,1.5,1.6196,2.6847,9.5166,2.0737,1
2019,6,4,10,47,27.06,23,2,18,4,1.25,1.2962,1.5528,14.85,2.8235,1
2019,6,4,11,22,48.119,24,2,1,8,0.5,2.1535,1.1315,11.724,1.4385,1
2019,6,4,11,23,34.57,24,2,2,4,1.5,19.988,2.2969,11.898,1.7591,1
2019,6,4,11,23,56.039,24,2,3,6,0.25,1.7293,1.8874,5.3658,1.3671,1
2019,6,4,11,24,31.275,24,2,4,6,0.5,1.422,1.5874,17.886,1.5637,1
2019,6,4,11,24,59.932,24,2,5,8,0.25,1.4209,1.7556,3.9392,1.5542,1
2019,6,4,11,26,21.144,24,2,6,6,1.75,25.815,12.878,21.602,1.6081,1
2019,6,4,11,27,10.162,24,2,7,8,1.25,1.3524,1.3319,22.932,3.4268,1
2019,6,4,11,28,16.482,24,2,8,4,0.75,3.0005,1.6232,41.456,1.8784,1
2019,6,4,11,29,22.016,24,2,9,8,1.5,1.917,1.6479,44.117,2.5252,1
2019,6,4,11,30,16.289,24,2,10,6,1.25,1.146,1.3186,35.943,1.6357,1
2019,6,4,11,30,56.44,24,2,11,8,1.75,1.7803,1.6702,20.808,1.6405,1
2019,6,4,11,31,32.936,24,2,12,4,1.25,7.678,1.1021,15.025,1.6047,1
2019,6,4,11,32,7.894,24,2,13,8,0.75,1.4241,1.1351,21.723,1.6532,1
2019,6,4,11,32,34.607,24,2,14,4,0.25,1.2011,1.5735,8.3804,1.3364,1
2019,6,4,11,33,13.039,24,2,15,4,0.5,2.3017,1.3787,14.044,1.9007,1
2019,6,4,11,34,10.794,24,2,16,6,1.5,1.7201,1.8683,37.404,1.5079,1
2019,6,4,11,35,6.77,24,2,17,6,0.75,1.9068,1.2665,40.121,1.9859,1
2019,6,4,11,35,32.566,24,2,18,4,1.75,1.6543,1.2508,10.717,1.9021,1
2019,6,4,13,15,56.557,25,2,1,6,1.75,1.6485,1.7767,26.059,3.1103,1
2019,6,4,13,16,26.485,25,2,2,8,1.5,1.4308,1.1043,13.141,4.2753,1
2019,6,4,13,16,53.818,25,2,3,4,0.25,1.934,1.2502,12.902,2.0696,1
2019,6,4,13,18,49.14,25,2,4,6,1.25,1.145,1.5427,97.39,3.0518,1
2019,6,4,13,19,22.912,25,2,5,4,0.5,1.5179,1.7816,19.218,2.4989,1
2019,6,4,13,20,1.39,25,2,6,6,1.5,1.5916,1.2467,19.751,2.369,1
2019,6,4,13,20,49.304,25,2,7,4,1.5,1.6955,1.5625,32.552,3.1424,1
2019,6,4,13,21,18.11,25,2,8,4,1.75,1.1617,1.4504,13.725,2.5274,1
2019,6,4,13,23,43.572,25,2,9,8,1.25,1.2727,1.5726,129.84,2.4334,1
2019,6,4,13,24,27.336,25,2,10,4,1.25,1.5302,1.1311,28.433,2.2462,1
2019,6,4,13,25,11.966,25,2,11,4,0.75,1.1554,1.5135,28.582,3.2179,1
2019,6,4,13,26,7.961,25,2,12,6,0.75,1.5269,1.3441,38.659,2.4266,1
2019,6,4,13,26,47.167,25,2,13,8,0.75,1.3191,1.5875,22.678,2.7664,1
2019,6,4,13,28,35.687,25,2,14,8,1.75,1.5075,1.4589,89.885,2.694,1
2019,6,4,13,29,6.064,25,2,15,6,0.5,1.3215,1.2338,1.1097,16.468,1
2019,6,4,13,29,49.788,25,2,16,8,0.5,1.391,1.5454,24.044,4.163,1
2019,6,4,13,30,19.76,25,2,17,6,0.25,1.3436,1.3299,12.133,3.0697,1
2019,6,4,13,30,44.463,25,2,18,8,0.25,1.1681,1.3947,11.15,2.0755,1
2019,6,4,14,18,4.647,26,2,1,8,0.5,1.2378,1.4337,12.177,3.363,1
2019,6,4,14,18,26.61,26,2,2,8,0.25,1.8871,1.1927,8.909,2.7194,1
2019,6,4,14,18,59.306,26,2,3,8,0.75,1.4238,1.3371,18.301,3.5703,1
2019,6,4,14,19,33.535,26,2,4,4,1.5,1.9432,1.6754,17.254,5.3939,1
2019,6,4,14,20,8.711,26,2,5,8,1.25,1.3642,1.3472,20.065,3.8348,0
2019,6,4,14,20,37.114,26,2,6,4,1.25,1.2387,2.0526,12.462,3.0511,1
2019,6,4,14,21,7.251,26,2,7,6,0.5,2.0258,1.7566,15.479,3.5354,1
2019,6,4,14,21,32.405,26,2,8,6,0.25,1.6404,1.3866,10.716,3.1184,1
2019,6,4,14,21,59.572,26,2,9,6,1.5,1.1058,1.1284,13.473,3.1148,1
2019,6,4,14,22,22.854,26,2,10,6,1.75,1.5942,1.3555,9.6919,3.1301,1
2019,6,4,14,22,51.496,26,2,11,4,1.75,1.9392,1.4297,14.589,3.076,1
2019,6,4,14,23,11.514,26,2,12,4,0.25,1.4279,2.3683,5.4783,2.8704,1
2019,6,4,14,23,45.214,26,2,13,6,0.75,1.9175,1.1226,16.59,3.0284,1
2019,6,4,14,24,23.708,26,2,14,4,0.75,1.9126,2.4489,21.547,2.976,1
2019,6,4,14,24,55.949,26,2,15,8,1.5,1.9863,1.5925,15.931,2.883,1
2019,6,4,14,25,22.196,26,2,16,6,1.25,1.6627,2.1616,12.084,2.9378,1
2019,6,4,14,25,45.4,26,2,17,4,0.5,1.2271,1.1117,8.1842,2.7876,1
2019,6,4,14,27,2.279,26,2,18,8,1.75,1.3086,1.2207,63.24,2.6662,1
2019,6,5,14,18,41.195,27,2,1,8,1.5,1.139,1.1312,16.54,2.0068,0
2019,6,5,14,19,13.783,27,2,2,4,1.75,1.99,2.858,14.242,1.8124,0
2019,6,5,14,19,45.512,27,2,3,6,0.75,1.121,1.965,13.538,2.1371,0
2019,6,5,14,20,14.732,27,2,4,4,0.5,1.6387,1.7719,12.818,1.814,0
2019,6,5,14,20,53.511,27,2,5,8,0.75,1.2018,2.0638,11.872,4.5117,0
2019,6,5,14,21,30.925,27,2,6,8,1.25,1.5488,1.6428,7.6785,4.7994,0
2019,6,5,14,21,59.526,27,2,7,6,1.5,3.3312,2.6189,4.2806,2.3746,0
2019,6,5,14,22,36.428,27,2,8,8,0.25,1.1244,1.9394,13.872,2.6277,0
2019,6,5,14,23,2.093,27,2,9,8,0.5,1.4997,1.5531,5.4274,2.1558,1
2019,6,5,14,23,29.949,27,2,10,6,1.25,1.4629,1.5111,8.7366,2.4048,0
2019,6,5,14,23,58.854,27,2,11,4,1.25,1.667,2.2507,8.7514,2.2087,0
2019,6,5,14,24,33.736,27,2,12,6,1.75,1.459,1.8214,13.419,1.9818,0
2019,6,5,14,25,1.405,27,2,13,4,1.5,1.3669,1.3684,4.8695,6.6758,1
2019,6,5,14,25,27.401,27,2,14,4,0.25,1.7899,2.5844,8.0403,3.4581,0
2019,6,5,14,25,54.352,27,2,15,6,0.5,1.8373,3.3686,7.6037,2.5345,1
2019,6,5,14,26,33.639,27,2,16,6,0.25,1.2878,1.151,10.545,1.3809,0
2019,6,5,14,26,57.621,27,2,17,8,1.75,1.2765,1.9326,5.8427,1.8685,1
2019,6,5,14,27,23.19,27,2,18,4,0.75,1.2252,1.105,4.2767,2.544,1
2019,6,5,13,35,42.524,28,2,1,6,0.75,1.3663,3.4332,4.272,2.1538,1
2019,6,5,13,36,11.039,28,2,2,8,1.75,1.2942,1.7704,7.2081,5.4002,1
2019,6,5,13,36,35.281,28,2,3,8,0.5,1.1467,2.1714,7.7804,1.4638,1
2019,6,5,13,36,58.768,28,2,4,4,0.25,1.6231,2.1697,5.7652,1.7896,1
2019,6,5,13,37,25.21,28,2,5,6,1.75,1.7815,2.1818,6.6832,2.1884,1
2019,6,5,13,37,56.702,28,2,6,8,1.5,1.447,1.975,12.563,2.0596,1
2019,6,5,13,38,22.215,28,2,7,6,0.5,1.1035,1.7575,7.3469,2.035,1
2019,6,5,13,38,45.528,28,2,8,4,1.5,1.5782,2.4908,4.1533,2.122,1
2019,6,5,13,39,8.026,28,2,9,8,1.25,1.3099,2.0155,3.5443,2.3559,0
2019,6,5,13,39,32.785,28,2,10,6,1.5,1.5568,1.9951,5.3708,2.4433,1
2019,6,5,13,40,0.828,28,2,11,4,1.75,1.6485,1.663,9.2774,2.2232,1
2019,6,5,13,40,28.587,28,2,12,8,0.75,1.3676,1.8731,11.207,2.129,0
2019,6,5,13,40,52.568,28,2,13,4,0.75,1.1828,1.7328,5.535,2.2288,1
2019,6,5,13,41,17.12,28,2,14,4,0.5,1.4301,1.8088,7.4443,1.8828,1
2019,6,5,13,41,53.437,28,2,15,4,1.25,1.6339,1.3949,20.938,2.0535,1
2019,6,5,13,42,16.805,28,2,16,6,1.25,1.6206,1.4501,4.3598,2.0796,1
2019,6,5,13,42,39.257,28,2,17,6,0.25,1.9636,1.1941,6.0891,2.2435,1
2019,6,5,13,42,59.902,28,2,18,8,0.25,1.4986,1.1755,3.5304,2.2811,1
2019,6,6,13,23,59.965,30,2,1,4,0.5,1.4241,1.5218,13.988,9.6061,1
2019,6,6,13,24,33.198,30,2,2,4,0.75,1.4522,1.8244,16.26,9.9503,1
2019,6,6,13,24,57.754,30,2,3,4,0.25,1.298,1.3777,9.0264,11.302,1
2019,6,6,13,25,35.218,30,2,4,8,0.75,1.2617,1.8418,20.115,12.166,1
2019,6,6,13,26,49.922,30,2,5,8,1.25,1.3876,1.3464,59.653,10.623,1
2019,6,6,13,27,13.923,30,2,6,8,0.25,1.1445,1.487,8.5832,10.36,1
2019,6,6,13,27,40.605,30,2,7,4,1.75,1.4992,1.2419,11.613,10.644,1
2019,6,6,13,28,3.864,30,2,8,6,0.25,1.765,1.5251,7.5395,10.619,1
2019,6,6,13,28,36.181,30,2,9,8,1.75,1.1142,1.3624,15.01,12.928,1
2019,6,6,13,29,27.388,30,2,10,4,1.25,1.3696,1.1637,34.758,11.509,1
2019,6,6,13,29,56.536,30,2,11,8,0.5,1.8456,1.2556,14.124,10.143,1
2019,6,6,13,30,29.059,30,2,12,6,1.25,1.3667,1.4403,17.733,9.817,1
2019,6,6,13,31,4.757,30,2,13,8,1.5,1.6582,1.8313,19.757,9.9608,1
2019,6,6,13,31,38.61,30,2,14,6,1.75,1.1916,1.3701,18.072,10.251,1
2019,6,6,13,32,7.937,30,2,15,4,1.5,1.104,1.8641,13.624,10.639,1
2019,6,6,13,33,31.648,30,2,16,6,0.75,29.811,12.4,1.3523,38.534,1
2019,6,6,13,33,57.448,30,2,17,6,0.5,1.1355,1.5217,9.106,12.692,1
2019,6,6,13,34,28.937,30,2,18,6,1.5,1.2695,1.1697,10.673,15.578,1
2019,6,6,14,22,13.743,31,2,1,4,1.5,1.7851,1.6472,14.254,8.997,1
2019,6,6,14,23,7.535,31,2,2,6,0.75,1.993,1.9394,36.088,9.2183,1
2019,6,6,14,23,31.478,31,2,3,8,0.25,1.3032,2.5788,8.0695,9.8234,1
2019,6,6,14,24,21.594,31,2,4,8,1.75,1.3379,1.2529,34.548,11.442,1
2019,6,6,14,24,54.395,31,2,5,8,0.5,2.5968,17.249,2.1126,9.6674,1
2019,6,6,14,25,20.624,31,2,6,4,0.25,2.8141,2.6909,10.661,8.4488,1
2019,6,6,14,25,58.124,31,2,7,6,1.25,2.1236,2.1426,20.743,11.028,1
2019,6,6,14,26,55.372,31,2,8,8,1.25,2.0861,2.1205,41.098,10.508,1
2019,6,6,14,27,24.194,31,2,9,8,1.5,1.1979,1.2647,14.948,9.8821,1
2019,6,6,14,27,55.652,31,2,10,8,0.75,1.4636,1.7597,17.079,9.4691,1
2019,6,6,14,28,30.613,31,2,11,4,1.25,1.1145,1.4811,19.162,10.204,1
2019,6,6,14,29,1.136,31,2,12,6,1.5,1.7173,1.9289,15.015,9.9659,1
2019,6,6,14,29,52.123,31,2,13,4,0.5,9.5344,5.5059,1.5089,32.571,1
2019,6,6,14,30,13.815,31,2,14,6,1.75,1.4492,1.3063,7.7787,10.117,1
2019,6,6,14,30,39.085,31,2,15,6,0.5,1.5165,2.0387,9.3381,10.453,1
2019,6,6,14,31,5.275,31,2,16,4,0.75,1.9274,1.6116,11.212,10.396,1
2019,6,6,14,31,29.452,31,2,17,4,1.75,1.5437,1.839,9.195,10.114,1
2019,6,6,14,33,6.377,31,2,18,6,0.25,1.1813,1.2216,82.137,10.711,1
2019,6,7,10,25,6.855,32,2,1,4,1.75,1.5908,1.8276,3.5411,2.2937,1
2019,6,7,10,25,30.077,32,2,2,4,1.25,1.7259,2.3145,3.9873,1.7583,1
2019,6,7,10,25,51.949,32,2,3,8,0.25,1.1083,1.8923,4.7437,1.7888,1
2019,6,7,10,26,13.672,32,2,4,8,0.5,1.3802,1.9354,5.2839,1.8064,1
2019,6,7,10,26,34.621,32,2,5,4,1.5,1.5206,1.6166,5.0528,1.729,1
2019,6,7,10,26,54.092,32,2,6,6,0.5,1.1567,1.6114,3.3543,1.5381,1
2019,6,7,10,27,28.436,32,2,7,6,1.5,1.2492,1.9715,14.788,5.2578,1
2019,6,7,10,27,48.424,32,2,8,6,0.25,1.4806,1.4934,3.1871,1.6512,1
2019,6,7,10,28,6.699,32,2,9,4,0.25,1.5583,1.3258,2.6665,2.1319,1
2019,6,7,10,28,28.733,32,2,10,8,1.75,1.511,1.6719,5.6399,1.8052,1
2019,6,7,10,28,58.651,32,2,11,4,0.75,1.4812,1.6424,12.626,2.0937,1
2019,6,7,10,29,22.041,32,2,12,8,1.5,1.4834,1.4237,7.1225,1.9467,1
2019,6,7,10,29,45.448,32,2,13,6,1.25,1.4919,1.2668,4.3722,4.6009,0
2019,6,7,10,30,4.835,32,2,14,6,1.75,1.6389,1.3702,2.2508,1.8903,1
2019,6,7,10,30,26.193,32,2,15,4,0.5,1.6091,1.2373,5.3464,2.2641,1
2019,6,7,10,30,48.148,32,2,16,8,1.25,1.7869,1.3268,5.5575,2.019,1
2019,6,7,10,31,14.231,32,2,17,8,0.75,1.5172,1.5599,9.5219,1.6049,1
2019,6,7,10,31,41.923,32,2,18,6,0.75,1.6998,1.1687,11.554,1.9427,1
2019,6,7,13,26,32.7,33,2,1,6,0.5,2.2563,1.1361,31.535,3.3166,1
2019,6,7,13,26,56.189,33,2,2,8,1.5,1.8845,2.1584,7.0766,3.5864,1
2019,6,7,13,27,32.107,33,2,3,6,1.75,1.6822,2.6234,19.062,3.6405,1
2019,6,7,13,28,22.834,33,2,4,6,1.5,1.7726,1.3597,35.019,3.3792,0
2019,6,7,13,29,16.447,33,2,5,4,1.25,1.8184,1.8412,37.352,3.2467,0
2019,6,7,13,29,38.636,33,2,6,8,1.75,1.5793,1.2518,6.6155,3.3822,1
2019,6,7,13,30,6.874,33,2,7,6,0.75,1.4804,2.0084,12.744,3.2037,1
2019,6,7,13,30,51.175,33,2,8,4,0.25,2.0996,1.7918,27.52,3.172,1
2019,6,7,13,31,18.535,33,2,9,8,0.75,1.5275,1.1656,11.773,2.7415,1
2019,6,7,13,32,17.047,33,2,10,8,0.5,1.6303,2.5511,42.159,3.3493,1
2019,6,7,13,32,44.919,33,2,11,8,1.25,1.7354,1.1627,11.372,3.7486,1
2019,6,7,13,33,11.593,33,2,12,6,1.25,1.8995,1.4966,11.061,3.5697,1
2019,6,7,13,33,35.782,33,2,13,4,0.5,2.2139,1.8252,7.7519,2.8257,1
2019,6,7,13,34,15.019,33,2,14,8,0.25,1.5267,1.2264,24.549,3.6287,1
2019,6,7,13,34,36.613,33,2,15,4,1.75,2.6455,1.2381,6.7889,3.0975,1
2019,6,7,13,35,0.545,33,2,16,4,1.5,1.3054,2.075,8.0923,3.9884,1
2019,6,7,13,35,25.611,33,2,17,6,0.25,1.5784,2.0165,5.679,4.0537,1
2019,6,7,13,35,49.044,33,2,18,4,0.75,1.3886,1.4615,8.8475,3.1145,1
2019,8,26,10,25,8.879,35,2,1,4,1.75,2.736,1.5976,16.716,2.7563,1
2019,8,26,10,25,32.212,35,2,2,4,0.25,2.4947,1.7897,8.841,2.0932,1
2019,8,26,10,25,57.012,35,2,3,8,1.5,1.7082,1.1323,10.585,2.3954,1
2019,8,26,10,26,34.814,35,2,4,6,0.75,2.1765,2.2558,22.311,2.2677,1
2019,8,26,10,27,1.801,35,2,5,8,0.5,1.623,2.301,12.088,2.8365,1
2019,8,26,10,27,44.782,35,2,6,8,0.75,2.0617,1.1418,28.037,2.9619,1
2019,8,26,10,28,38.501,35,2,7,6,1.25,1.5666,1.9624,39.437,2.4977,1
2019,8,26,10,29,46.754,35,2,8,8,1.25,2.5481,1.1555,53.727,2.2829,1
2019,8,26,10,30,12.38,35,2,9,4,1.5,2.0142,1.8395,9.9777,2.6734,1
2019,8,26,10,30,43.711,35,2,10,6,1.75,1.4375,2.5769,16.666,2.3342,1
2019,8,26,10,31,12.683,35,2,11,4,0.5,1.6837,2.2391,12.146,2.373,1
2019,8,26,10,31,51.262,35,2,12,4,0.75,2.516,1.2794,24.227,2.9317,1
2019,8,26,10,32,25.802,35,2,13,8,1.75,1.829,2.1148,20.182,2.1973,1
2019,8,26,10,32,54.794,35,2,14,6,0.5,1.7325,2.0844,14.569,2.7419,1
2019,8,26,10,33,18.4,35,2,15,8,0.25,1.753,2.3816,8.1549,2.3337,1
2019,8,26,10,33,53.695,35,2,16,4,1.25,2.1386,1.8428,20.301,2.606,1
2019,8,26,10,34,14.403,35,2,17,6,0.25,2.2332,1.2157,6.3735,2.1789,1
2019,8,26,10,34,42.115,35,2,18,6,1.5,1.7066,2.1683,13.503,2.4551,1
2019,8,26,11,37,13.553,36,2,1,6,0.25,7.4807,1.8904,7.1785,2.9244,1
2019,8,26,11,38,8.53,36,2,2,6,1.5,1.4417,2.7976,40.657,2.7598,1
2019,8,26,11,39,2.771,36,2,3,8,0.75,1.7464,1.9856,34.649,2.873,1
2019,8,26,11,39,33.303,36,2,4,6,0.5,2.4731,3.6391,15.258,2.5091,1
2019,8,26,11,39,52.284,36,2,5,6,1.25,1.9918,1.1421,1.7545,6.7749,0
2019,8,26,11,40,52.331,36,2,6,4,1.25,5.6839,2.5401,38.047,2.8687,1
2019,8,26,11,41,35.87,36,2,7,4,1.75,4.3889,5.4381,23.641,2.3904,1
2019,8,26,11,42,24.458,36,2,8,8,1.25,1.9918,1.9523,31.962,2.827,1
2019,8,26,11,42,52.965,36,2,9,4,0.25,2.2306,3.3763,12.909,2.7431,1
2019,8,26,11,43,32.656,36,2,10,6,0.75,3.474,2.4691,23.434,2.9279,1
2019,8,26,11,44,12.677,36,2,11,4,1.5,2.2591,1.1337,27.184,2.4336,1
2019,8,26,11,44,38.944,36,2,12,8,0.25,4.9388,2.4201,6.4068,4.7839,1
2019,8,26,11,45,20.427,36,2,13,8,0.5,1.4899,5.5732,23.893,2.4624,1
2019,8,26,11,46,16.632,36,2,14,8,1.5,1.4645,4.5946,39.51,2.8575,1
2019,8,26,11,46,43.883,36,2,15,4,0.5,3.4478,2.1179,11.062,2.2976,1
2019,8,26,11,47,45.25,36,2,16,8,1.75,3.0901,4.6778,42.53,2.7276,1
2019,8,26,11,48,9.85,36,2,17,6,1.75,2.1708,1.5776,10.682,2.4029,1
2019,8,26,11,48,32.696,36,2,18,4,0.75,1.2012,2.772,9.8841,2.2425,1
2019,8,27,11,39,18.523,37,2,1,8,0.75,3.5545,3.7966,119.52,2.7823,1
2019,8,27,11,40,1.57,37,2,2,4,1.5,2.8229,1.6098,22.792,2.3514,1
2019,8,27,11,40,55.586,37,2,3,6,0.5,3.5333,1.1209,37.964,3.3548,1
2019,8,27,11,41,35.075,37,2,4,8,1.5,2.9531,1.7776,24.069,2.5388,1
2019,8,27,11,42,12.749,37,2,5,6,1.75,1.536,1.6975,22.753,3.3699,1
2019,8,27,11,43,32.04,37,2,6,8,1.25,3.2446,1.2341,64.776,2.715,1
2019,8,27,11,44,1.367,37,2,7,6,0.25,2.8257,1.6909,13.855,2.9098,1
2019,8,27,11,45,2.688,37,2,8,4,0.75,2.5276,1.6429,45.628,2.6229,1
2019,8,27,11,46,14.824,37,2,9,4,1.25,2.2228,2.3989,57.61,2.3112,1
2019,8,27,11,46,54.256,37,2,10,8,0.5,1.8187,1.7826,24.564,2.9925,1
2019,8,27,11,47,31.622,37,2,11,8,0.25,2.9738,1.8413,21.543,3.1871,1
2019,8,27,11,48,42.369,37,2,12,8,1.75,2.4966,1.7659,54.951,3.2619,1
2019,8,27,11,50,3.238,37,2,13,6,1.25,2.2962,2.0101,65.607,2.8453,1
2019,8,27,11,51,0.858,37,2,14,6,1.5,2.3876,2.4037,41.815,2.8637,1
2019,8,27,11,51,27.06,37,2,15,4,0.25,2.6128,1.3029,11.285,3.3104,1
2019,8,27,11,52,7.669,37,2,16,6,0.75,2.3569,1.6891,26.78,2.4329,1
2019,8,27,11,52,55.582,37,2,17,4,1.75,2.8376,1.5503,32.751,2.7501,1
2019,8,27,11,53,55.159,37,2,18,4,0.5,2.1961,1.7302,44.516,2.9367,1
2019,8,28,9,58,51.499,38,2,1,8,1.75,1.333,1.5661,8.9563,2.8845,1
2019,8,28,9,59,10.072,38,2,2,4,0.25,1.4779,1.4269,3.1684,2.566,1
2019,8,28,9,59,41.334,38,2,3,8,1.5,1.1968,1.8343,17.914,2.5328,0
2019,8,28,10,0,9.571,38,2,4,4,1.25,1.5667,2.6164,13.987,2.8477,0
2019,8,28,10,0,34.788,38,2,5,4,0.75,1.9405,1.9086,11.076,3.0198,1
2019,8,28,10,1,1.019,38,2,6,4,1.5,1.2239,1.5902,12.78,3.6307,1
2019,8,28,10,1,29.065,38,2,7,4,1.75,1.1111,1.5951,15.732,2.3856,1
2019,8,28,10,2,4.318,38,2,8,6,0.75,2.0011,1.5232,22.492,2.4588,1
2019,8,28,10,2,28.692,38,2,9,6,1.25,1.2375,1.6303,12.607,2.1031,1
2019,8,28,10,3,16.56,38,2,10,8,0.75,1.1203,2.7663,33.537,2.7276,0
2019,8,28,10,3,59.091,38,2,11,6,1.5,1.5993,1.3657,30.052,2.5712,1
2019,8,28,10,4,15.284,38,2,12,6,0.25,1.2493,1.119,3.6788,2.2438,1
2019,8,28,10,4,33.424,38,2,13,6,0.5,1.9893,1.6442,5.8448,1.8692,1
2019,8,28,10,4,53.296,38,2,14,6,1.75,1.2073,1.8724,7.4198,2.4939,1
2019,8,28,10,5,12.837,38,2,15,8,0.5,1.6438,1.7537,6.8369,1.9586,1
2019,8,28,10,5,28.838,38,2,16,4,0.5,1.1791,1.5887,4.4621,1.9096,1
2019,8,28,10,5,47.022,38,2,17,8,1.25,1.6739,2.1466,5.3737,2.0525,1
2019,8,28,10,6,7.751,38,2,18,8,0.25,1.2899,1.6544,6.6763,2.2179,1
2019,8,28,11,18,12.673,39,2,1,4,0.75,1.9584,1.7404,11.65,3.013,1
2019,8,28,11,18,34.696,39,2,2,4,0.25,1.5188,1.8444,8.4829,3.6238,1
2019,8,28,11,18,58.678,39,2,3,6,1.5,1.1736,1.8324,10.445,2.9706,1
2019,8,28,11,19,22.343,39,2,4,6,1.75,1.5557,1.7905,10.405,2.3994,1
2019,8,28,11,19,51.015,39,2,5,4,1.75,1.8292,1.6828,14.052,2.8132,1
2019,8,28,11,20,18.103,39,2,6,4,1.25,1.1457,1.9491,14.242,2.7112,1
2019,8,28,11,20,46.818,39,2,7,8,0.75,1.1953,1.8794,15.745,2.5304,1
2019,8,28,11,21,18.063,39,2,8,8,1.75,1.1963,1.7112,17.433,3.6287,1
2019,8,28,11,21,41.786,39,2,9,8,0.5,1.6646,1.3318,10.28,2.8115,1
2019,8,28,11,22,26.661,39,2,10,8,1.25,1.1669,1.6854,31.911,2.7233,0
2019,8,28,11,22,48.257,39,2,11,6,0.25,1.4135,1.7439,8.9425,2.298,1
2019,8,28,11,23,12.165,39,2,12,6,0.5,1.4612,1.5851,11.193,2.8748,1
2019,8,28,11,23,39.461,39,2,13,8,1.5,1.7585,1.1919,13.832,3.3306,1
2019,8,28,11,24,3.721,39,2,14,4,1.5,1.3577,1.2981,11.339,2.56,1
2019,8,28,11,24,31.674,39,2,15,6,0.75,1.676,2.1699,14.179,2.9856,1
2019,8,28,11,24,54.244,39,2,16,4,0.5,1.3332,1.78,9.8188,2.3127,1
2019,8,28,11,25,15.846,39,2,17,8,0.25,1.5327,2.109,8.3992,2.4145,1
2019,8,28,11,25,41.705,39,2,18,6,1.25,1.3669,1.9275,12.571,2.399,1
2019,10,14,10,25,22.167,2,2,1,4,1.5,16.699,2.1739,22.373,8.8243,0
2019,10,14,10,25,56.929,2,2,2,8,1.25,2.433,2.2128,16.212,2.4032,0
2019,10,14,10,26,43.659,2,2,3,8,1.75,2.269,2.926,16.553,13.622,1
2019,10,14,10,27,15.775,2,2,4,4,0.25,2.7255,2.142,8.9202,5.2773,1
2019,10,14,10,27,41.808,2,2,5,4,0.75,2.7932,2.1405,2.1109,7.7741,0
2019,10,14,10,28,25.426,2,2,6,6,1.5,4.1964,17.624,5.8786,4.283,1
2019,10,14,10,29,10.17,2,2,7,6,1.25,2.6845,3.8537,21.41,3.3175,0
2019,10,14,10,29,38.661,2,2,8,8,0.25,2.0957,2.0161,9.3746,3.2003,1
2019,10,14,10,30,11.906,2,2,9,6,1.75,2.2516,2.0243,10.635,6.9283,1
2019,10,14,10,30,43.565,2,2,10,4,0.5,2.1719,2.8625,7.6349,5.3783,1
2019,10,14,10,31,13.432,2,2,11,4,1.25,2.6243,2.3765,11.563,3.0702,1
2019,10,14,10,31,44.131,2,2,12,8,0.5,3.1447,2.6796,10.698,2.5583,1
2019,10,14,10,32,22.625,2,2,13,8,1.5,3.6914,3.2279,17.569,2.7033,1
2019,10,14,10,32,54.723,2,2,14,8,0.75,2.8376,2.7523,13.005,2.5605,0
2019,10,14,10,33,23.394,2,2,15,4,1.75,2.8946,2.1459,10.554,2.8141,1
2019,10,14,10,33,51.564,2,2,16,6,0.25,6.9362,2.6168,5.8258,2.4988,1
2019,10,14,10,34,21.982,2,2,17,6,0.5,3.3953,2.742,10.609,3.3057,1
2019,10,14,10,34,54.147,2,2,18,6,0.75,3.2625,2.3144,12.929,3.1512,1
2019,10,14,11,14,0.852,3,2,1,6,0.75,14.907,2.0915,23.924,5.3239,1
2019,10,14,11,14,23.825,3,2,2,8,0.5,2.0034,2.2228,7.0169,2.8741,1
2019,10,14,11,14,42.451,3,2,3,6,0.25,2.1305,2.6705,4.1672,2.8361,1
2019,10,14,11,15,28.737,3,2,4,8,1.5,2.489,2.1789,32.208,2.3552,1
2019,10,14,11,15,52.657,3,2,5,6,1.5,2.2616,8.3511,2.4096,2.832,1
2019,10,14,11,16,14.137,3,2,6,6,0.5,2.5518,2.0418,6.3518,2.5238,1
2019,10,14,11,16,35.251,3,2,7,6,1.75,2.6804,2.554,5.0112,2.878,1
2019,10,14,11,16,52.437,3,2,8,4,0.25,2.5595,2.0754,2.8427,2.2344,1
2019,10,14,11,17,10.009,3,2,9,4,1.75,2.4601,2.1464,3.1001,2.509,1
2019,10,14,11,17,29.493,3,2,10,4,1.5,2.6181,2.2043,3.1551,2.7437,1
2019,10,14,11,17,48.611,3,2,11,4,0.5,2.2899,2.4586,3.9312,3.1214,1
2019,10,14,11,18,20.071,3,2,12,4,1.25,2.0251,2.0538,15.858,2.2042,1
2019,10,14,11,18,36.316,3,2,13,8,0.25,2.3172,2.1929,2.7965,2.2399,1
2019,10,14,11,19,1.277,3,2,14,6,1.25,2.0388,5.5849,5.8999,3.5181,1
2019,10,14,11,19,31.033,3,2,15,8,0.75,2.2587,2.2029,14.17,2.483,1
2019,10,14,11,20,18.691,3,2,16,8,1.25,2.0932,2.4021,34.135,2.4254,1
2019,10,14,11,20,38.545,3,2,17,8,1.75,2.0508,2.5496,4.8759,2.8468,1
2019,10,14,11,21,16.545,3,2,18,4,0.75,2.0289,2.0219,22.146,4.9623,1
2019,10,15,15,21,57.828,4,2,1,6,0.75,1.6041,1.6889,8.088,1.9507,1
2019,10,15,15,22,24.785,4,2,2,4,1.25,2.4868,0.91839,11.055,2.089,1
2019,10,15,15,22,46.173,4,2,3,4,0.25,2.1905,1.588,3.0891,1.8094,1
2019,10,15,15,23,8.812,4,2,4,4,0.75,1.9776,0.95579,6.6852,2.2009,1
2019,10,15,15,23,28.464,4,2,5,8,0.5,1.82,1.0492,3.9071,2.4882,1
2019,10,15,15,24,4.356,4,2,6,8,1.25,2.7257,1.2427,13.972,1.7632,0
2019,10,15,15,24,48.409,4,2,7,8,1.5,4.4916,0.91233,26.182,1.6624,0
2019,10,15,15,25,23.749,4,2,8,4,1.75,2.3134,1.1071,11.962,9.8192,1
2019,10,15,15,25,50.168,4,2,9,4,0.5,2.9649,1.0084,6.7336,2.4786,1
2019,10,15,15,26,10.022,4,2,10,8,0.25,2.2395,1.0813,5.3727,1.6831,1
2019,10,15,15,26,53.446,4,2,11,6,1.75,1.8659,0.97997,29.364,1.6379,1
2019,10,15,15,27,43.828,4,2,12,6,1.25,1.9106,0.7924,34.581,2.0908,1
2019,10,15,15,28,8.687,4,2,13,6,1.5,1.8429,2.8137,7.4961,1.8658,1
2019,10,15,15,28,33.775,4,2,14,6,0.5,3.2946,1.3973,8.174,1.6119,1
2019,10,15,15,28,59.039,4,2,15,8,0.75,2.0661,1.8735,7.9218,2.3606,1
2019,10,15,15,29,20.818,4,2,16,8,1.75,2.7984,1.499,5.0263,2.1087,1
2019,10,15,15,29,44.906,4,2,17,4,1.5,2.2153,1.1117,7.542,2.0579,1
2019,10,15,15,30,8.506,4,2,18,6,0.25,2.0734,1.1125,3.9587,3.536,1
2019,10,18,13,17,8.085,6,2,1,4,0.75,1.3771,2.0192,10.881,3.5521,1
2019,10,18,13,17,47.375,6,2,2,6,0.75,1.3281,1.1199,28.653,1.5633,1
2019,10,18,13,18,3.779,6,2,3,8,0.25,1.2085,0.7398,3.6427,3.1545,1
2019,10,18,13,18,26.166,6,2,4,4,0.5,1.3598,1.1951,8.218,0.96562,1
2019,10,18,13,18,52.46,6,2,5,4,1.5,1.3933,1.1335,14.139,2.4969,1
2019,10,18,13,19,17.33,6,2,6,6,0.5,2.4797,0.89528,12.967,1.1748,1
2019,10,18,13,19,58.128,6,2,7,8,0.5,1.1781,0.72264,26.102,2.2758,1
2019,10,18,13,23,11.62,6,2,8,4,1.25,1.9709,1.5229,179.05,2.1957,0
2019,10,18,13,25,0.486,6,2,9,8,0.75,1.4273,0.89621,2.5582,92.737,1
2019,10,18,13,25,42.118,6,2,10,8,1.75,1.4341,1.0767,27.029,1.3417,1
2019,10,18,13,26,22.68,6,2,11,6,1.25,1.0295,0.72133,26.678,1.6988,1
2019,10,18,13,27,4.361,6,2,12,8,1.25,1.5201,1.1007,14.629,16.539,1
2019,10,18,13,27,28.103,6,2,13,4,0.25,0.59797,1.0658,12.754,6.5935,1
2019,10,18,13,27,57.2,6,2,14,8,1.5,1.5629,1.032,16.981,1.9544,1
2019,10,18,13,29,48.485,6,2,15,6,1.5,1.4564,0.73538,81.785,17.798,0
2019,10,18,13,30,0.023,6,2,16,6,0.25,1.207,1.7041,5.0978,2.0241,1
2019,10,18,13,30,34.503,6,2,17,4,1.75,1.8851,1.3393,12.743,2.9925,1
2019,10,18,13,31,27.486,6,2,18,6,1.75,1.6335,1.1793,34.376,3.4854,1
2019,10,22,14,23,24.295,7,2,1,4,1.5,1.4871,1.3571,0.97092,6.7709,1
2019,10,22,14,23,45.86,7,2,2,6,1.5,2.6025,2.0101,4.759,1.5111,1
2019,10,22,14,24,15.513,7,2,3,4,0.75,1.5401,1.3667,13.965,1.9001,0
2019,10,22,14,24,36.54,7,2,4,4,0.25,1.9545,1.7292,3.794,2.8809,1
2019,10,22,14,25,3.437,7,2,5,8,0.5,3.8349,6.5677,4.9295,1.3563,1
2019,10,22,14,25,30.653,7,2,6,6,0.5,1.1641,5.2475,4.4986,2.9597,1
2019,10,22,14,25,52.375,7,2,7,4,0.5,3.6769,1.8696,4.6889,1.4452,1
2019,10,22,14,26,16.718,7,2,8,6,0.75,2.8829,1.8793,7.8487,1.5599,1
2019,10,22,14,26,37.759,7,2,9,6,1.75,1.4438,1.2668,6.6904,2.2132,1
2019,10,22,14,27,1.64,7,2,10,8,1.75,1.3776,1.366,5.7739,3.3512,1
2019,10,22,14,27,39.338,7,2,11,6,1.25,1.0436,0.93184,24.35,1.733,1
2019,10,22,14,28,6.161,7,2,12,4,1.75,3.1321,2.0614,10.962,1.4624,1
2019,10,22,14,28,26.582,7,2,13,4,1.25,1.1677,0.68599,6.9787,1.6303,1
2019,10,22,14,28,43.338,7,2,14,8,0.25,1.6916,0.93472,3.5549,1.7937,1
2019,10,22,14,29,0.967,7,2,15,6,0.25,1.4152,0.7374,2.8431,1.8956,1
2019,10,22,14,29,21.138,7,2,16,8,0.75,0.89257,0.69667,6.71,1.9822,1
2019,10,22,14,29,46.831,7,2,17,8,1.5,1.6172,0.86023,6.3797,1.4033,1
2019,10,22,14,30,28.761,7,2,18,8,1.25,1.4585,2.9103,25.834,1.7728,1
2019,10,23,10,29,8.007,8,2,1,4,1.25,1.9933,1.0518,61.116,3.5824,1
2019,10,23,10,29,56.674,8,2,2,4,0.25,1.3763,1.503,21.962,3.1972,1
2019,10,23,10,30,51.731,8,2,3,8,0.75,4.7273,1.5793,35.765,2.4385,1
2019,10,23,10,31,43.098,8,2,4,8,0.5,1.1283,1.1471,35.074,3.8434,1
2019,10,23,10,32,40.801,8,2,5,8,1.25,1.7483,1.2544,40.006,2.4542,1
2019,10,23,10,33,20.526,8,2,6,6,1.5,1.9569,1.6265,21.058,2.2156,1
2019,10,23,10,33,49.726,8,2,7,4,0.5,1.6122,1.39,11.592,2.4412,1
2019,10,23,10,34,26.381,8,2,8,6,1.75,1.6002,12.973,9.4283,1.9904,1
2019,10,23,10,35,0.875,8,2,9,4,0.75,1.1303,1.6282,17.942,3.2373,1
2019,10,23,10,35,47.645,8,2,10,8,1.5,5.0974,1.3606,27.616,1.9916,1
2019,10,23,10,36,14.819,8,2,11,6,0.25,0.94851,1.2381,7.9461,3.1907,1
2019,10,23,10,36,43.757,8,2,12,4,1.75,1.7772,1.4399,11.053,3.6421,1
2019,10,23,10,37,11.442,8,2,13,4,1.5,2.218,1.8267,7.7889,3.6288,1
2019,10,23,10,37,39.333,8,2,14,8,0.25,0.8479,1.9388,7.6001,3.2261,1
2019,10,23,10,38,51.938,8,2,15,6,1.25,0.76657,1.3373,56.448,2.3832,1
2019,10,23,10,39,23.467,8,2,16,6,0.5,0.92308,1.3772,16.111,2.3736,1
2019,10,23,10,40,0.095,8,2,17,6,0.75,0.8062,0.86166,21.502,3.1295,1
2019,10,23,10,40,19.702,8,2,18,8,1.75,1.5459,0.70534,0.90292,2.4408,0
2019,10,25,12,28,41.848,9,2,1,8,0.25,2.3941,0.78059,11.031,1.505,1
2019,10,25,12,29,3.571,9,2,2,8,0.5,3.4659,1.3208,5.6141,1.8076,1
2019,10,25,12,29,39.852,9,2,3,4,1.5,1.9483,1.0676,21.284,2.9259,1
2019,10,25,12,30,32.197,9,2,4,6,0.75,4.5445,4.5514,22.689,12.178,1
2019,10,25,12,31,27.509,9,2,5,6,0.5,2.6399,1.2337,39.966,5.5789,1
2019,10,25,12,32,36.082,9,2,6,4,0.75,0.8871,1.9131,18.042,2.6936,1
2019,10,25,12,33,40.184,9,2,7,4,1.25,3.8002,0.70739,46.073,4.6185,0
2019,10,25,12,34,47.349,9,2,8,8,1.5,3.2865,1.0331,53.059,1.8535,0
2019,10,25,12,35,41.597,9,2,9,8,1.25,2.8142,2.3671,36.047,2.4232,1
2019,10,25,12,36,17.072,9,2,10,6,1.25,4.2876,1.5089,7.3224,4.2256,1
2019,10,25,12,37,32.056,9,2,11,6,1.75,46.307,6.0096,8.3935,5.2971,1
2019,10,25,12,38,4.032,9,2,12,6,0.25,1.6356,0.93822,11.496,4.1394,1
2019,10,25,12,38,28.252,9,2,13,4,1.75,1.3018,1.4809,11.256,2.6219,1
2019,10,25,12,39,18.589,9,2,14,4,0.5,1.7774,2.6513,27.604,6.4472,1
2019,10,25,12,39,40.238,9,2,15,8,1.75,1.0263,0.68134,5.3557,4.4331,1
2019,10,25,12,40,11.226,9,2,16,8,0.75,1.994,1.2222,10.821,3.6853,1
2019,10,25,12,40,44.354,9,2,17,4,0.25,2.7334,0.71038,12,4.0328,1
2019,10,25,12,40,59.828,9,2,18,6,1.5,1.0785,0.67617,3.5411,3.2944,1
2019,11,1,12,22,14.877,11,2,1,8,0.25,0.71287,0.73371,5.3316,3.143,1
2019,11,1,12,22,35.624,11,2,2,6,0.25,0.77068,0.68689,9.4272,2.879,1
2019,11,1,12,23,6.885,11,2,3,8,1.5,1.2473,1.4583,18.09,3.221,1
2019,11,1,12,24,24.971,11,2,4,6,1.25,43.649,4.7921,12.834,5.3645,1
2019,11,1,12,24,56.975,11,2,5,4,1.75,0.68266,2.7451,12.57,7.4051,1
2019,11,1,12,26,20.415,11,2,6,4,0.5,1.2117,48.526,12.316,13.701,1
2019,11,1,12,26,45.958,11,2,7,6,1.5,1.0018,2.771,15.324,2.3263,1
2019,11,1,12,27,19.762,11,2,8,8,1.75,0.91679,0.74535,21.709,2.0752,1
2019,11,1,12,27,50.614,11,2,9,4,1.25,0.9408,0.73701,14.372,4.0505,1
2019,11,1,12,28,30.38,11,2,10,8,1.25,0.91803,0.59619,28.146,3.4148,1
2019,11,1,12,28,52.2,11,2,11,6,0.5,1.6046,0.59752,12.051,0.86566,1
2019,11,1,12,30,5.381,11,2,12,4,0.75,1.2608,0.90609,57.668,5.896,1
2019,11,1,12,30,26.186,11,2,13,6,1.75,0.99791,0.66507,7.9237,3.6249,1
2019,11,1,12,30,53.611,11,2,14,8,0.75,1.9578,0.61677,13.121,4.7496,1
2019,11,1,12,31,13.308,11,2,15,4,0.25,2.0069,1.1288,6.7904,2.2047,1
2019,11,1,12,31,45.981,11,2,16,4,1.5,2.9425,0.74387,16.509,1.3896,1
2019,11,1,12,32,7.76,11,2,17,6,0.75,0.72865,0.72473,11.683,1.1622,1
2019,11,1,12,32,27.551,11,2,18,8,0.5,1.0829,0.63274,7.0937,2.5781,1
2019,10,25,13,10,45.019,10,2,1,6,1.25,2.0748,1.3499,8.0724,3.1092,1
2019,10,25,13,11,6.748,10,2,2,4,0.25,1.9281,0.91517,8.5609,3.838,1
2019,10,25,13,11,46.573,10,2,3,6,1.75,2.7359,1.4734,23.221,3.9082,1
2019,10,25,13,12,13.137,10,2,4,8,1.5,1.5434,0.97423,11.474,3.513,1
2019,10,25,13,12,35.54,10,2,5,8,0.5,1.6796,1.0365,8.5091,3.7661,0
2019,10,25,13,13,5.354,10,2,6,8,1.75,1.3373,0.90712,13.045,7.0107,1
2019,10,25,13,13,27.063,10,2,7,4,0.5,1.844,1.0506,4.8808,3.5561,0
2019,10,25,13,14,27.571,10,2,8,8,0.75,1.6004,1.4308,44.296,4.2288,1
2019,10,25,13,14,51.334,10,2,9,6,0.25,2.6125,1.2678,11.509,1.0768,1
2019,10,25,13,15,9.898,10,2,10,8,0.25,1.8566,1.3092,5.4317,1.8094,1
2019,10,25,13,15,40.901,10,2,11,4,1.25,2.7307,1.0706,13.598,3.3149,1
2019,10,25,13,15,58.558,10,2,12,4,1.75,1.8905,1.1987,4.2638,3.4563,0
2019,10,25,13,16,37.772,10,2,13,6,0.5,1.666,0.96278,21.242,7.1895,1
2019,10,25,13,17,23.956,10,2,14,4,0.75,2.0676,1.122,20.864,3.7302,1
2019,10,25,13,17,55.258,10,2,15,8,1.25,2.2726,1.1582,15.206,3.7797,1
2019,10,25,13,18,48.15,10,2,16,6,0.75,1.621,0.81017,36.519,4.1207,1
2019,10,25,13,19,24.433,10,2,17,6,1.5,1.7459,0.79028,14.309,4.0889,1
2019,10,25,13,20,0.572,10,2,18,4,1.5,1.2618,1.2753,22.21,3.2455,1
2019,11,1,13,25,54.633,12,2,1,8,1.75,1.3488,1.5254,35.767,4.6184,1
2019,11,1,13,27,25.453,12,2,2,8,0.75,2.1648,1.3532,45.851,5.4738,1
2019,11,1,13,28,5.687,12,2,3,6,1.5,16.754,1.1045,8.029,4.3135,1
2019,11,1,13,28,37.175,12,2,4,8,0.25,10.514,0.70474,9.8439,1.7146,1
2019,11,1,13,29,8.196,12,2,5,6,1.75,2.5972,0.79898,17.625,1.921,1
2019,11,1,13,30,15.098,12,2,6,6,1.25,41.7,1.5727,12.216,1.7675,1
2019,11,1,13,30,51.296,12,2,7,4,0.25,3.4393,2.8721,11.796,3.0675,1
2019,11,1,13,31,28.059,12,2,8,4,1.5,3.9657,1.1664,17.068,2.5368,1
2019,11,1,13,32,21.939,12,2,9,8,0.5,0.57433,0.78826,38.263,2.0104,1
2019,11,1,13,33,44.793,12,2,10,6,0.75,2.3475,0.75525,62.964,7.7481,1
2019,11,1,13,34,22.731,12,2,11,6,0.5,1.3148,0.93274,20.515,6.5951,1
2019,11,1,13,37,5.638,12,2,12,4,0.5,85.196,4.7668,57.257,1.9848,1
2019,11,1,13,37,39.061,12,2,13,8,1.5,9.454,0.95523,11.453,1.6074,1
2019,11,1,13,38,12.713,12,2,14,4,1.25,5.953,1.2697,13.822,3.2921,1
2019,11,1,13,39,33.917,12,2,15,4,1.75,17.107,1.9956,45.258,5.9731,1
2019,11,1,13,40,36.836,12,2,16,4,0.75,3.6086,1.3651,45.659,3.0133,1
2019,11,1,13,41,5.787,12,2,17,8,1.25,2.7037,0.87215,10.971,4.1625,1
2019,11,1,13,41,29.642,12,2,18,6,0.25,2.0987,0.86695,7.8409,5.5382,1
2019,11,5,14,25,2.986,13,2,1,6,1.25,4.7388,0.62606,3.0652,2.2399,0
2019,11,5,14,25,25.388,13,2,2,8,1.25,1.8593,0.798,3.7117,1.5785,0
2019,11,5,14,25,48.173,13,2,3,4,0.5,2.4357,0.69661,6.157,1.6713,1
2019,11,5,14,26,10.911,13,2,4,4,0.75,1.9953,0.63877,7.2006,1.8138,1
2019,11,5,14,26,33.217,13,2,5,4,1.75,1.7109,0.61456,5.1839,4.7288,1
2019,11,5,14,27,11.915,13,2,6,8,0.75,1.8636,0.98242,24.426,1.9077,1
2019,11,5,14,27,32.418,13,2,7,8,0.25,2.0462,0.65738,2.9126,1.8901,1
2019,11,5,14,28,0.094,13,2,8,6,0.25,2.3268,0.76927,3.6265,1.4586,1
2019,11,5,14,28,20.395,13,2,9,4,0.25,2.7741,0.77133,4.3425,2.3182,1
2019,11,5,14,28,37.044,13,2,10,4,1.25,2.0815,0.76596,2.7824,1.687,0
2019,11,5,14,29,14.724,13,2,11,6,1.75,2.2997,0.99689,17.065,1.9516,1
2019,11,5,14,29,37.154,13,2,12,8,1.75,3.3555,0.71772,6.0516,1.7908,0
2019,11,5,14,29,54.838,13,2,13,8,1.5,1.3879,0.64073,2.5151,1.9083,1
2019,11,5,14,30,20.211,13,2,14,6,0.5,1.6415,0.72878,6.3845,1.5759,1
2019,11,5,14,30,37.642,13,2,15,6,1.5,1.8804,0.76801,2.5839,2.4989,1
2019,11,5,14,30,57.969,13,2,16,4,1.5,1.896,0.74877,5.9455,1.9269,1
2019,11,5,14,31,18.2,13,2,17,8,0.5,2.3775,0.78207,6.4137,1.3585,1
2019,11,5,14,31,34.211,13,2,18,6,0.75,1.5082,0.79371,2.8141,1.3732,0
2019,11,8,12,22,7.586,15,2,1,4,0.5,4.0768,1.2708,9.9754,1.7751,1
2019,11,8,12,22,33.433,15,2,2,4,1.75,1.6164,1.2011,8.3546,6.8448,1
2019,11,8,12,23,24.739,15,2,3,8,0.75,1.4498,0.9818,35.646,5.6434,0
2019,11,8,12,24,1.953,15,2,4,6,1.5,1.4529,1.4944,21.302,2.8789,1
2019,11,8,12,24,45.182,15,2,5,4,1.5,1.4174,1.3521,30.193,2.8585,1
2019,11,8,12,25,5.351,15,2,6,8,0.25,4.0168,1.0457,5.9185,2.0313,1
2019,11,8,12,25,25.982,15,2,7,8,0.5,1.3936,0.88881,10.987,1.044,1
2019,11,8,12,25,53.194,15,2,8,6,0.75,1.2273,0.9902,14.582,3.4107,1
2019,11,8,12,26,28.303,15,2,9,8,1.5,1.252,1.0153,23.166,2.9073,1
2019,11,8,12,26,50.295,15,2,10,6,0.25,1.5181,2.0508,5.5375,1.0124,1
2019,11,8,12,27,16.042,15,2,11,4,0.75,1.1031,1.087,14.206,1.6911,1
2019,11,8,12,27,48.746,15,2,12,8,1.75,1.1285,1.4197,19.317,2.1543,1
2019,11,8,12,28,29.045,15,2,13,6,1.75,1.1221,1.0194,26.997,2.7495,1
2019,11,8,12,28,58.869,15,2,14,8,1.25,1.1645,1.1891,16.289,3.1077,1
2019,11,8,12,29,15.012,15,2,15,4,0.25,0.93569,1.2715,5.2381,2.2078,1
2019,11,8,12,30,1.249,15,2,16,6,1.25,2.036,1.9948,28.167,5.9894,0
2019,11,8,12,30,22.34,15,2,17,6,0.5,1.3482,1.1349,7.3161,2.4288,1
2019,11,8,12,31,6.136,15,2,18,4,1.25,1.0991,1.5142,27.472,4.0095,0
2019,11,8,13,17,52.169,16,2,1,4,0.5,5.799,0.93905,14.23,0.99672,0
2019,11,8,13,18,25.228,16,2,2,8,0.75,0.68463,5.1443,16.091,2.7317,0
2019,11,8,13,18,52.236,16,2,3,4,1.5,4.2009,0.75768,13.521,1.8412,1
2019,11,8,13,19,35.459,16,2,4,4,1.25,2.4892,3.2912,27.07,1.9892,1
2019,11,8,13,19,56.142,16,2,5,8,0.25,0.76708,2.2349,8.8804,1.544,1
2019,11,8,13,20,25.992,16,2,6,8,0.5,1.0779,1.55,17.05,2.0207,1
2019,11,8,13,21,29.323,16,2,7,8,1.75,1.7192,0.83298,51.872,0.79399,0
2019,11,8,13,21,54.507,16,2,8,6,0.25,0.68622,0.72709,15.038,1.2508,1
2019,11,8,13,22,24.906,16,2,9,8,1.25,0.7302,0.7633,18.298,1.0168,0
2019,11,8,13,22,46.849,16,2,10,6,0.5,0.66811,0.82693,12.378,0.7972,1
2019,11,8,13,23,32.485,16,2,11,6,1.5,0.87549,0.70936,32.247,2.4659,1
2019,11,8,13,24,21.391,16,2,12,6,0.75,0.94914,0.71242,36.488,1.4828,1
2019,11,8,13,25,12.097,16,2,13,6,1.25,0.87884,0.70242,39.679,1.0492,0
2019,11,8,13,25,37.822,16,2,14,4,0.25,2.0308,0.8895,12.694,2.8003,1
2019,11,8,13,26,2.945,16,2,15,4,1.75,1.0438,0.95726,14.271,1.7598,1
2019,11,8,13,26,38.643,16,2,16,6,1.75,2.0145,0.63741,18.657,2.4462,1
2019,11,8,13,27,25.358,16,2,17,4,0.75,0.80032,0.8042,34.405,0.80837,0
2019,11,8,13,27,54.357,16,2,18,8,1.5,0.97654,0.8388,18.824,0.85256,1
2019,11,15,12,28,28.384,17,2,1,6,1.75,0.77435,1.6292,27.625,1.9296,1
2019,11,15,12,28,53.029,17,2,2,4,1.5,0.93585,0.64079,13.263,1.5572,1
2019,11,15,12,29,24.981,17,2,3,8,1.5,0.83388,1.203,20.757,2.1206,1
2019,11,15,12,29,47.3,17,2,4,8,0.5,1.2927,0.59537,10.502,1.8977,1
2019,11,15,12,31,32.349,17,2,5,8,0.75,1.7073,0.75716,89.154,2.9403,1
2019,11,15,12,32,4.046,17,2,6,4,0.75,0.89797,2.397,19.206,1.7285,1
2019,11,15,12,33,7.432,17,2,7,8,1.25,0.84075,0.83758,51.231,3.3674,0
2019,11,15,12,33,32.241,17,2,8,6,1.5,1.1157,0.73084,9.9982,3.7916,1
2019,11,15,12,33,56.045,17,2,9,4,1.25,0.72983,0.73199,9,3.3606,1
2019,11,15,12,34,16.864,17,2,10,8,0.25,1.407,1.0235,7.5816,2.4815,1
2019,11,15,12,34,33.417,17,2,11,6,0.25,0.71664,0.88444,5.6538,1.0775,1
2019,11,15,12,35,23.23,17,2,12,8,1.75,1.7517,1.6653,31.989,5.587,1
2019,11,15,12,35,39.88,17,2,13,4,0.25,1.7066,1.0553,5.5428,1.0746,1
2019,11,15,12,36,6.198,17,2,14,4,1.75,4.0367,1.2551,11.82,2.0599,1
2019,11,15,12,36,28.38,17,2,15,6,0.5,1.2282,1.913,9.7406,1.6807,1
2019,11,15,12,37,28.465,17,2,16,6,1.25,1.2603,2.2019,44.778,2.065,1
2019,11,15,12,37,46.778,17,2,17,4,0.5,2.0096,0.90268,6.5105,1.7908,1
2019,11,15,12,38,45.398,17,2,18,6,0.75,1.4194,0.75466,45.409,2.1174,1
2019,11,19,14,23,5.457,19,2,1,6,1.75,1.4633,0.92887,11.735,3.2334,1
2019,11,19,14,23,35.735,19,2,2,4,0.75,0.95505,0.66771,13.703,4.0997,1
2019,11,19,14,24,3.758,19,2,3,8,0.75,5.0804,1.3526,8.4992,3.2998,1
2019,11,19,14,24,25.04,19,2,4,6,0.25,0.92506,0.74613,5.3735,4.0466,1
2019,11,19,14,24,54.368,19,2,5,4,1.25,1.0244,1.2379,8.7733,2.7867,1
2019,11,19,14,25,18.954,19,2,6,4,0.5,0.8,1.0682,9.2135,3.4462,1
2019,11,19,14,25,56.587,19,2,7,8,1.5,2.2527,4.2152,17.524,2.9654,1
2019,11,19,14,26,23.712,19,2,8,6,0.5,1.3333,1.2645,12.141,3.106,1
2019,11,19,14,26,48.435,19,2,9,8,1.25,1.2985,1.1088,9.1866,2.8294,1
2019,11,19,14,27,15.96,19,2,10,4,1.5,1.1764,1.1915,11.519,3.2935,1
2019,11,19,14,28,5.557,19,2,11,8,1.75,0.938,0.98359,35.14,2.9886,1
2019,11,19,14,28,32.649,19,2,12,6,1.25,1.0046,1.9039,7.9309,5.6578,0
2019,11,19,14,28,59.833,19,2,13,8,0.5,0.8714,1.2906,11.646,3.9074,1
2019,11,19,14,29,23.155,19,2,14,4,0.25,0.71076,2.6247,6.7538,3.606,1
2019,11,19,14,29,46.696,19,2,15,8,0.25,0.86795,0.86569,8.034,3.4994,1
2019,11,19,14,30,10.768,19,2,16,4,1.75,1.2619,0.95962,8.4326,3.6069,1
2019,11,19,14,30,43.965,19,2,17,6,0.75,1.0115,0.7949,18.19,3.3966,1
2019,11,19,14,31,7.884,19,2,18,6,1.5,1.7803,0.76133,8.5159,3.0515,1
2019,11,19,15,35,11.382,20,2,1,4,0.5,1.0839,0.81005,5.7053,1.5454,1
2019,11,19,15,35,35.613,20,2,2,4,1.5,1.1174,0.91072,10.347,2.1078,1
2019,11,19,15,35,57.042,20,2,3,6,1.25,1.153,1.2898,5.5789,2.53,1
2019,11,19,15,36,28.155,20,2,4,8,0.75,1.4723,1.6529,9.4912,2.8416,1
2019,11,19,15,36,50.248,20,2,5,6,1.75,1.2823,1.5135,6.733,2.0762,1
2019,11,19,15,37,17.523,20,2,6,8,1.25,1.8134,2.057,10.495,2.0819,1
2019,11,19,15,37,44.523,20,2,7,8,1.75,1.0494,1.2107,12.062,1.5975,1
2019,11,19,15,38,4.887,20,2,8,6,0.5,0.91698,1.0677,5.3647,2.0166,1
2019,11,19,15,38,24.149,20,2,9,8,0.25,1.9427,0.73353,3.8273,2.2702,1
2019,11,19,15,38,43.225,20,2,10,8,1.5,0.79974,0.72674,5.4002,1.8815,1
2019,11,19,15,39,2.91,20,2,11,4,0.75,0.79651,0.66601,5.254,1.7994,1
2019,11,19,15,39,30.445,20,2,12,4,1.25,1.2273,0.67836,5.9117,1.4275,1
2019,11,19,15,39,56.908,20,2,13,6,1.5,1.1345,0.69884,12.854,1.7015,1
2019,11,19,15,40,16.605,20,2,14,6,0.75,0.86121,0.67054,5.9168,2.1741,1
2019,11,19,15,40,36.891,20,2,15,8,0.5,0.85003,0.69647,5.4646,2.3195,1
2019,11,19,15,40,54.903,20,2,16,6,0.25,0.68351,1.2775,3.7052,2.51,1
2019,11,19,15,41,19.238,20,2,17,4,1.75,0.8708,0.70785,11.141,2,1
2019,11,19,15,41,35.986,20,2,18,4,0.25,0.75222,0.74951,3.6373,1.7805,1
2019,11,20,10,22,49.038,21,2,1,6,1.5,1.6177,0.62451,7.7368,2.8899,1
2019,11,20,10,23,12.838,21,2,2,6,1.25,1.2883,0.60816,9.2533,3.0982,1
2019,11,20,10,23,34.935,21,2,3,4,0.5,1.2806,0.5508,5.1763,3.382,1
2019,11,20,10,23,57.181,21,2,4,8,1.75,1.0978,0.55575,8.4939,2.8742,1
2019,11,20,10,24,22.717,21,2,5,4,0.75,1.4967,0.68073,9.9796,2.5635,1
2019,11,20,10,24,46.237,21,2,6,4,1.5,1.1551,0.55157,7.146,3.2914,1
2019,11,20,10,25,10.495,21,2,7,8,1.5,2.4806,0.90729,8.4354,3.1081,1
2019,11,20,10,25,36.838,21,2,8,8,0.25,2.5663,1.2247,4.6773,6.4283,1
2019,11,20,10,25,58.865,21,2,9,6,1.75,1.1628,0.61242,9.0761,2.3258,1
2019,11,20,10,26,28.128,21,2,10,6,0.75,1.7081,0.80388,14.246,2.5442,1
2019,11,20,10,26,46.236,21,2,11,4,1.75,1.0633,0.63876,4.8716,2.4102,1
2019,11,20,10,27,26.317,21,2,12,8,1.25,1.2154,0.63751,24.778,2.9109,1
2019,11,20,10,27,55.811,21,2,13,8,0.75,1.0797,0.62897,14.262,2.1999,1
2019,11,20,10,28,15.441,21,2,14,4,0.25,1.772,0.67579,4.315,3.0386,1
2019,11,20,10,28,41.429,21,2,15,6,0.25,1.3074,0.69935,6.5593,7.9625,1
2019,11,20,10,29,3.047,21,2,16,8,0.5,1.0673,0.70449,7.1659,3.1879,1
2019,11,20,10,29,27.378,21,2,17,4,1.25,1.0982,0.74758,8.8716,2.5944,1
2019,11,20,10,29,52.655,21,2,18,6,0.5,2.1828,0.80111,7.3284,2.7338,1
2019,11,15,13,23,45.64,18,2,1,4,1.5,33.149,1.8376,12.301,2.016,1
2019,11,15,13,24,6.384,18,2,2,6,1.5,0.9118,1.2352,9.0915,3.1637,1
2019,11,15,13,25,18.536,18,2,3,4,0.75,2.6259,1.3727,60.135,2.1218,1
2019,11,15,13,25,38.362,18,2,4,4,0.25,1.7659,1.4935,8.1135,1.938,1
2019,11,15,13,26,15.06,18,2,5,8,0.5,1.5953,2.236,24.328,1.9485,1
2019,11,15,13,26,42.093,18,2,6,6,0.5,1.3731,0.86334,16.902,1.7366,1
2019,11,15,13,27,2.811,18,2,7,4,0.5,0.56812,0.96943,11.303,1.5459,1
2019,11,15,13,27,38.31,18,2,8,6,0.75,1.1547,5.6958,20.688,1.7255,1
2019,11,15,13,28,37.93,18,2,9,6,1.75,1.7123,0.94791,46.809,3.5887,1
2019,11,15,13,29,12.214,18,2,10,8,1.75,1.4243,1.1616,20.348,4.2032,1
2019,11,15,13,30,15.738,18,2,11,6,1.25,0.81325,3.9005,50.189,2.013,1
2019,11,15,13,30,33.884,18,2,12,4,1.75,1.7167,2.5092,5.6023,1.6215,1
2019,11,15,13,31,22.188,18,2,13,4,1.25,2.1079,0.71166,37.315,1.9716,1
2019,11,15,13,31,43.922,18,2,14,8,0.25,2.3596,0.87336,10.771,1.767,1
2019,11,15,13,31,59.749,18,2,15,6,0.25,1.3053,0.96963,6.3655,1.0535,1
2019,11,15,13,32,36.993,18,2,16,8,0.75,1.226,0.71068,27.009,2.1872,1
2019,11,15,13,32,59.347,18,2,17,8,1.5,0.89004,0.75091,12.625,1.794,1
2019,11,15,13,33,36.347,18,2,18,8,1.25,1.4092,0.72252,25.098,2.8308,1
